"Date","Animals in Residence"
"2013-08-16","1"
"2013-08-17","2"
"2013-08-18","2"
"2013-08-19","2"
"2013-08-20","2"
"2013-08-21","2"
"2013-08-22","3"
"2013-08-23","3"
"2013-08-24","4"
"2013-08-25","4"
"2013-08-26","4"
"2013-08-27","4"
"2013-08-28","4"
"2013-08-29","4"
"2013-08-30","4"
"2013-08-31","5"
"2013-09-01","5"
"2013-09-02","5"
"2013-09-03","5"
"2013-09-04","5"
"2013-09-05","5"
"2013-09-06","5"
"2013-09-07","5"
"2013-09-08","5"
"2013-09-09","5"
"2013-09-10","5"
"2013-09-11","5"
"2013-09-12","5"
"2013-09-13","5"
"2013-09-14","5"
"2013-09-15","5"
"2013-09-16","5"
"2013-09-17","5"
"2013-09-18","5"
"2013-09-19","6"
"2013-09-20","6"
"2013-09-21","6"
"2013-09-22","6"
"2013-09-23","6"
"2013-09-24","6"
"2013-09-25","6"
"2013-09-26","6"
"2013-09-27","6"
"2013-09-28","6"
"2013-09-29","6"
"2013-09-30","6"
"2013-10-01","7"
"2013-10-02","7"
"2013-10-03","7"
"2013-10-04","7"
"2013-10-05","7"
"2013-10-06","7"
"2013-10-07","7"
"2013-10-08","8"
"2013-10-09","9"
"2013-10-10","9"
"2013-10-11","9"
"2013-10-12","9"
"2013-10-13","9"
"2013-10-14","9"
"2013-10-15","9"
"2013-10-16","9"
"2013-10-17","9"
"2013-10-18","9"
"2013-10-19","9"
"2013-10-20","9"
"2013-10-21","9"
"2013-10-22","9"
"2013-10-23","9"
"2013-10-24","9"
"2013-10-25","9"
"2013-10-26","10"
"2013-10-27","10"
"2013-10-28","10"
"2013-10-29","10"
"2013-10-30","11"
"2013-10-31","11"
"2013-11-01","11"
"2013-11-02","12"
"2013-11-03","12"
"2013-11-04","12"
"2013-11-05","12"
"2013-11-06","12"
"2013-11-07","13"
"2013-11-08","13"
"2013-11-09","13"
"2013-11-10","13"
"2013-11-11","13"
"2013-11-12","14"
"2013-11-13","14"
"2013-11-14","14"
"2013-11-15","14"
"2013-11-16","15"
"2013-11-17","15"
"2013-11-18","15"
"2013-11-19","15"
"2013-11-20","15"
"2013-11-21","16"
"2013-11-22","16"
"2013-11-23","16"
"2013-11-24","16"
"2013-11-25","16"
"2013-11-26","16"
"2013-11-27","16"
"2013-11-28","16"
"2013-11-29","16"
"2013-11-30","17"
"2013-12-01","17"
"2013-12-02","18"
"2013-12-03","19"
"2013-12-04","21"
"2013-12-05","23"
"2013-12-06","24"
"2013-12-07","26"
"2013-12-08","26"
"2013-12-09","27"
"2013-12-10","30"
"2013-12-11","34"
"2013-12-12","37"
"2013-12-13","39"
"2013-12-14","41"
"2013-12-15","42"
"2013-12-16","46"
"2013-12-17","49"
"2013-12-18","51"
"2013-12-19","52"
"2013-12-20","62"
"2013-12-21","68"
"2013-12-22","68"
"2013-12-23","73"
"2013-12-24","81"
"2013-12-25","81"
"2013-12-26","93"
"2013-12-27","96"
"2013-12-28","105"
"2013-12-29","108"
"2013-12-30","108"
"2013-12-31","120"
"2014-01-01","115"
"2014-01-02","115"
"2014-01-03","113"
"2014-01-04","114"
"2014-01-05","114"
"2014-01-06","116"
"2014-01-07","110"
"2014-01-08","101"
"2014-01-09","99"
"2014-01-10","97"
"2014-01-11","98"
"2014-01-12","100"
"2014-01-13","104"
"2014-01-14","98"
"2014-01-15","99"
"2014-01-16","101"
"2014-01-17","102"
"2014-01-18","95"
"2014-01-19","97"
"2014-01-20","102"
"2014-01-21","103"
"2014-01-22","102"
"2014-01-23","103"
"2014-01-24","105"
"2014-01-25","103"
"2014-01-26","102"
"2014-01-27","101"
"2014-01-28","106"
"2014-01-29","96"
"2014-01-30","99"
"2014-01-31","100"
"2014-02-01","127"
"2014-02-02","126"
"2014-02-03","131"
"2014-02-04","123"
"2014-02-05","120"
"2014-02-06","122"
"2014-02-07","120"
"2014-02-08","130"
"2014-02-09","132"
"2014-02-10","133"
"2014-02-11","128"
"2014-02-12","128"
"2014-02-13","128"
"2014-02-14","133"
"2014-02-15","135"
"2014-02-16","136"
"2014-02-17","133"
"2014-02-18","140"
"2014-02-19","142"
"2014-02-20","138"
"2014-02-21","139"
"2014-02-22","138"
"2014-02-23","140"
"2014-02-24","150"
"2014-02-25","151"
"2014-02-26","150"
"2014-02-27","148"
"2014-02-28","149"
"2014-03-01","143"
"2014-03-02","144"
"2014-03-03","146"
"2014-03-04","142"
"2014-03-05","139"
"2014-03-06","146"
"2014-03-07","151"
"2014-03-08","154"
"2014-03-09","155"
"2014-03-10","157"
"2014-03-11","162"
"2014-03-12","149"
"2014-03-13","154"
"2014-03-14","150"
"2014-03-15","151"
"2014-03-16","152"
"2014-03-17","158"
"2014-03-18","152"
"2014-03-19","149"
"2014-03-20","152"
"2014-03-21","149"
"2014-03-22","144"
"2014-03-23","144"
"2014-03-24","147"
"2014-03-25","145"
"2014-03-26","143"
"2014-03-27","142"
"2014-03-28","141"
"2014-03-29","144"
"2014-03-30","142"
"2014-03-31","147"
"2014-04-01","145"
"2014-04-02","147"
"2014-04-03","146"
"2014-04-04","152"
"2014-04-05","156"
"2014-04-06","157"
"2014-04-07","163"
"2014-04-08","166"
"2014-04-09","166"
"2014-04-10","163"
"2014-04-11","168"
"2014-04-12","185"
"2014-04-13","186"
"2014-04-14","184"
"2014-04-15","198"
"2014-04-16","200"
"2014-04-17","201"
"2014-04-18","202"
"2014-04-19","197"
"2014-04-20","197"
"2014-04-21","199"
"2014-04-22","204"
"2014-04-23","194"
"2014-04-24","196"
"2014-04-25","200"
"2014-04-26","202"
"2014-04-27","200"
"2014-04-28","193"
"2014-04-29","185"
"2014-04-30","183"
"2014-05-01","139"
"2014-05-02","139"
"2014-05-03","131"
"2014-05-04","129"
"2014-05-05","135"
"2014-05-06","134"
"2014-05-07","132"
"2014-05-08","137"
"2014-05-09","136"
"2014-05-10","135"
"2014-05-11","137"
"2014-05-12","136"
"2014-05-13","138"
"2014-05-14","139"
"2014-05-15","136"
"2014-05-16","141"
"2014-05-17","139"
"2014-05-18","138"
"2014-05-19","142"
"2014-05-20","142"
"2014-05-21","152"
"2014-05-22","152"
"2014-05-23","148"
"2014-05-24","137"
"2014-05-25","138"
"2014-05-26","140"
"2014-05-27","143"
"2014-05-28","143"
"2014-05-29","144"
"2014-05-30","142"
"2014-05-31","150"
"2014-06-01","150"
"2014-06-02","158"
"2014-06-03","153"
"2014-06-04","158"
"2014-06-05","169"
"2014-06-06","164"
"2014-06-07","159"
"2014-06-08","159"
"2014-06-09","163"
"2014-06-10","164"
"2014-06-11","182"
"2014-06-12","179"
"2014-06-13","178"
"2014-06-14","166"
"2014-06-15","166"
"2014-06-16","167"
"2014-06-17","163"
"2014-06-18","155"
"2014-06-19","154"
"2014-06-20","149"
"2014-06-21","139"
"2014-06-22","141"
"2014-06-23","144"
"2014-06-24","154"
"2014-06-25","156"
"2014-06-26","169"
"2014-06-27","171"
"2014-06-28","157"
"2014-06-29","157"
"2014-06-30","157"
"2014-07-01","163"
"2014-07-02","161"
"2014-07-03","164"
"2014-07-04","168"
"2014-07-05","164"
"2014-07-06","161"
"2014-07-07","165"
"2014-07-08","164"
"2014-07-09","164"
"2014-07-10","161"
"2014-07-11","160"
"2014-07-12","157"
"2014-07-13","157"
"2014-07-14","159"
"2014-07-15","163"
"2014-07-16","170"
"2014-07-17","165"
"2014-07-18","168"
"2014-07-19","168"
"2014-07-20","167"
"2014-07-21","172"
"2014-07-22","170"
"2014-07-23","177"
"2014-07-24","182"
"2014-07-25","176"
"2014-07-26","186"
"2014-07-27","188"
"2014-07-28","190"
"2014-07-29","191"
"2014-07-30","183"
"2014-07-31","186"
"2014-08-01","182"
"2014-08-02","182"
"2014-08-03","180"
"2014-08-04","186"
"2014-08-05","184"
"2014-08-06","179"
"2014-08-07","178"
"2014-08-08","183"
"2014-08-09","198"
"2014-08-10","201"
"2014-08-11","196"
"2014-08-12","198"
"2014-08-13","203"
"2014-08-14","213"
"2014-08-15","211"
"2014-08-16","211"
"2014-08-17","211"
"2014-08-18","228"
"2014-08-19","236"
"2014-08-20","238"
"2014-08-21","217"
"2014-08-22","217"
"2014-08-23","210"
"2014-08-24","212"
"2014-08-25","214"
"2014-08-26","214"
"2014-08-27","207"
"2014-08-28","211"
"2014-08-29","211"
"2014-08-30","210"
"2014-08-31","211"
"2014-09-01","213"
"2014-09-02","227"
"2014-09-03","221"
"2014-09-04","218"
"2014-09-05","216"
"2014-09-06","213"
"2014-09-07","215"
"2014-09-08","221"
"2014-09-09","232"
"2014-09-10","216"
"2014-09-11","227"
"2014-09-12","222"
"2014-09-13","214"
"2014-09-14","220"
"2014-09-15","222"
"2014-09-16","222"
"2014-09-17","218"
"2014-09-18","216"
"2014-09-19","199"
"2014-09-20","207"
"2014-09-21","208"
"2014-09-22","210"
"2014-09-23","224"
"2014-09-24","228"
"2014-09-25","222"
"2014-09-26","220"
"2014-09-27","219"
"2014-09-28","222"
"2014-09-29","223"
"2014-09-30","211"
"2014-10-01","211"
"2014-10-02","222"
"2014-10-03","215"
"2014-10-04","208"
"2014-10-05","209"
"2014-10-06","206"
"2014-10-07","204"
"2014-10-08","200"
"2014-10-09","201"
"2014-10-10","210"
"2014-10-11","199"
"2014-10-12","191"
"2014-10-13","195"
"2014-10-14","192"
"2014-10-15","196"
"2014-10-16","199"
"2014-10-17","201"
"2014-10-18","200"
"2014-10-19","200"
"2014-10-20","201"
"2014-10-21","218"
"2014-10-22","218"
"2014-10-23","224"
"2014-10-24","219"
"2014-10-25","211"
"2014-10-26","214"
"2014-10-27","220"
"2014-10-28","223"
"2014-10-29","215"
"2014-10-30","213"
"2014-10-31","209"
"2014-11-01","202"
"2014-11-02","200"
"2014-11-03","200"
"2014-11-04","198"
"2014-11-05","189"
"2014-11-06","191"
"2014-11-07","192"
"2014-11-08","199"
"2014-11-09","198"
"2014-11-10","199"
"2014-11-11","199"
"2014-11-12","187"
"2014-11-13","176"
"2014-11-14","190"
"2014-11-15","186"
"2014-11-16","186"
"2014-11-17","190"
"2014-11-18","194"
"2014-11-19","188"
"2014-11-20","183"
"2014-11-21","174"
"2014-11-22","181"
"2014-11-23","169"
"2014-11-24","173"
"2014-11-25","170"
"2014-11-26","177"
"2014-11-27","176"
"2014-11-28","177"
"2014-11-29","164"
"2014-11-30","164"
"2014-12-01","167"
"2014-12-02","169"
"2014-12-03","167"
"2014-12-04","163"
"2014-12-05","172"
"2014-12-06","172"
"2014-12-07","172"
"2014-12-08","176"
"2014-12-09","171"
"2014-12-10","174"
"2014-12-11","170"
"2014-12-12","173"
"2014-12-13","161"
"2014-12-14","163"
"2014-12-15","163"
"2014-12-16","169"
"2014-12-17","165"
"2014-12-18","164"
"2014-12-19","159"
"2014-12-20","157"
"2014-12-21","159"
"2014-12-22","164"
"2014-12-23","158"
"2014-12-24","150"
"2014-12-25","152"
"2014-12-26","148"
"2014-12-27","147"
"2014-12-28","149"
"2014-12-29","155"
"2014-12-30","158"
"2014-12-31","147"
"2015-01-01","148"
"2015-01-02","144"
"2015-01-03","141"
"2015-01-04","135"
"2015-01-05","135"
"2015-01-06","134"
"2015-01-07","134"
"2015-01-08","137"
"2015-01-09","133"
"2015-01-10","139"
"2015-01-11","137"
"2015-01-12","140"
"2015-01-13","128"
"2015-01-14","135"
"2015-01-15","138"
"2015-01-16","132"
"2015-01-17","137"
"2015-01-18","137"
"2015-01-19","136"
"2015-01-20","142"
"2015-01-21","141"
"2015-01-22","136"
"2015-01-23","135"
"2015-01-24","132"
"2015-01-25","133"
"2015-01-26","132"
"2015-01-27","134"
"2015-01-28","143"
"2015-01-29","156"
"2015-01-30","157"
"2015-01-31","151"
"2015-02-01","153"
"2015-02-02","153"
"2015-02-03","152"
"2015-02-04","152"
"2015-02-05","153"
"2015-02-06","146"
"2015-02-07","145"
"2015-02-08","143"
"2015-02-09","139"
"2015-02-10","137"
"2015-02-11","139"
"2015-02-12","139"
"2015-02-13","138"
"2015-02-14","126"
"2015-02-15","127"
"2015-02-16","128"
"2015-02-17","129"
"2015-02-18","139"
"2015-02-19","142"
"2015-02-20","134"
"2015-02-21","141"
"2015-02-22","140"
"2015-02-23","151"
"2015-02-24","139"
"2015-02-25","130"
"2015-02-26","127"
"2015-02-27","128"
"2015-02-28","132"
"2015-03-01","131"
"2015-03-02","129"
"2015-03-03","127"
"2015-03-04","121"
"2015-03-05","133"
"2015-03-06","132"
"2015-03-07","129"
"2015-03-08","128"
"2015-03-09","133"
"2015-03-10","122"
"2015-03-11","139"
"2015-03-12","133"
"2015-03-13","140"
"2015-03-14","137"
"2015-03-15","138"
"2015-03-16","141"
"2015-03-17","156"
"2015-03-18","157"
"2015-03-19","159"
"2015-03-20","160"
"2015-03-21","156"
"2015-03-22","158"
"2015-03-23","158"
"2015-03-24","156"
"2015-03-25","159"
"2015-03-26","163"
"2015-03-27","154"
"2015-03-28","153"
"2015-03-29","152"
"2015-03-30","155"
"2015-03-31","153"
"2015-04-01","154"
"2015-04-02","141"
"2015-04-03","137"
"2015-04-04","130"
"2015-04-05","130"
"2015-04-06","133"
"2015-04-07","134"
"2015-04-08","144"
"2015-04-09","139"
"2015-04-10","138"
"2015-04-11","139"
"2015-04-12","140"
"2015-04-13","142"
"2015-04-14","136"
"2015-04-15","135"
"2015-04-16","138"
"2015-04-17","140"
"2015-04-18","141"
"2015-04-19","146"
"2015-04-20","149"
"2015-04-21","137"
"2015-04-22","132"
"2015-04-23","138"
"2015-04-24","132"
"2015-04-25","133"
"2015-04-26","134"
"2015-04-27","132"
"2015-04-28","138"
"2015-04-29","134"
"2015-04-30","139"
"2015-05-01","134"
"2015-05-02","135"
"2015-05-03","137"
"2015-05-04","138"
"2015-05-05","124"
"2015-05-06","129"
"2015-05-07","134"
"2015-05-08","142"
"2015-05-09","155"
"2015-05-10","157"
"2015-05-11","158"
"2015-05-12","157"
"2015-05-13","156"
"2015-05-14","161"
"2015-05-15","170"
"2015-05-16","181"
"2015-05-17","183"
"2015-05-18","182"
"2015-05-19","180"
"2015-05-20","179"
"2015-05-21","173"
"2015-05-22","180"
"2015-05-23","177"
"2015-05-24","174"
"2015-05-25","174"
"2015-05-26","180"
"2015-05-27","181"
"2015-05-28","181"
"2015-05-29","178"
"2015-05-30","192"
"2015-05-31","192"
"2015-06-01","191"
"2015-06-02","193"
"2015-06-03","200"
"2015-06-04","197"
"2015-06-05","205"
"2015-06-06","217"
"2015-06-07","220"
"2015-06-08","221"
"2015-06-09","232"
"2015-06-10","234"
"2015-06-11","235"
"2015-06-12","228"
"2015-06-13","227"
"2015-06-14","229"
"2015-06-15","231"
"2015-06-16","234"
"2015-06-17","248"
"2015-06-18","248"
"2015-06-19","237"
"2015-06-20","236"
"2015-06-21","234"
"2015-06-22","236"
"2015-06-23","235"
"2015-06-24","233"
"2015-06-25","245"
"2015-06-26","243"
"2015-06-27","225"
"2015-06-28","224"
"2015-06-29","223"
"2015-06-30","206"
"2015-07-01","209"
"2015-07-02","220"
"2015-07-03","221"
"2015-07-04","233"
"2015-07-05","234"
"2015-07-06","245"
"2015-07-07","230"
"2015-07-08","225"
"2015-07-09","220"
"2015-07-10","222"
"2015-07-11","208"
"2015-07-12","209"
"2015-07-13","205"
"2015-07-14","211"
"2015-07-15","211"
"2015-07-16","212"
"2015-07-17","210"
"2015-07-18","204"
"2015-07-19","206"
"2015-07-20","205"
"2015-07-21","202"
"2015-07-22","204"
"2015-07-23","209"
"2015-07-24","212"
"2015-07-25","208"
"2015-07-26","208"
"2015-07-27","207"
"2015-07-28","205"
"2015-07-29","209"
"2015-07-30","212"
"2015-07-31","200"
"2015-08-01","195"
"2015-08-02","196"
"2015-08-03","196"
"2015-08-04","192"
"2015-08-05","194"
"2015-08-06","198"
"2015-08-07","197"
"2015-08-08","203"
"2015-08-09","204"
"2015-08-10","210"
"2015-08-11","214"
"2015-08-12","207"
"2015-08-13","203"
"2015-08-14","203"
"2015-08-15","185"
"2015-08-16","188"
"2015-08-17","196"
"2015-08-18","189"
"2015-08-19","182"
"2015-08-20","184"
"2015-08-21","198"
"2015-08-22","197"
"2015-08-23","199"
"2015-08-24","208"
"2015-08-25","198"
"2015-08-26","197"
"2015-08-27","184"
"2015-08-28","185"
"2015-08-29","208"
"2015-08-30","211"
"2015-08-31","214"
"2015-09-01","214"
"2015-09-02","217"
"2015-09-03","201"
"2015-09-04","201"
"2015-09-05","194"
"2015-09-06","199"
"2015-09-07","206"
"2015-09-08","215"
"2015-09-09","210"
"2015-09-10","195"
"2015-09-11","187"
"2015-09-12","174"
"2015-09-13","180"
"2015-09-14","184"
"2015-09-15","189"
"2015-09-16","196"
"2015-09-17","197"
"2015-09-18","199"
"2015-09-19","189"
"2015-09-20","189"
"2015-09-21","190"
"2015-09-22","197"
"2015-09-23","190"
"2015-09-24","183"
"2015-09-25","185"
"2015-09-26","196"
"2015-09-27","197"
"2015-09-28","199"
"2015-09-29","191"
"2015-09-30","199"
"2015-10-01","199"
"2015-10-02","190"
"2015-10-03","190"
"2015-10-04","194"
"2015-10-05","196"
"2015-10-06","186"
"2015-10-07","188"
"2015-10-08","184"
"2015-10-09","176"
"2015-10-10","163"
"2015-10-11","156"
"2015-10-12","161"
"2015-10-13","159"
"2015-10-14","154"
"2015-10-15","153"
"2015-10-16","149"
"2015-10-17","154"
"2015-10-18","154"
"2015-10-19","153"
"2015-10-20","157"
"2015-10-21","157"
"2015-10-22","147"
"2015-10-23","148"
"2015-10-24","146"
"2015-10-25","147"
"2015-10-26","151"
"2015-10-27","150"
"2015-10-28","147"
"2015-10-29","144"
"2015-10-30","152"
"2015-10-31","153"
"2015-11-01","155"
"2015-11-02","159"
"2015-11-03","157"
"2015-11-04","159"
"2015-11-05","155"
"2015-11-06","159"
"2015-11-07","155"
"2015-11-08","153"
"2015-11-09","154"
"2015-11-10","157"
"2015-11-11","157"
"2015-11-12","156"
"2015-11-13","149"
"2015-11-14","153"
"2015-11-15","152"
"2015-11-16","158"
"2015-11-17","158"
"2015-11-18","151"
"2015-11-19","146"
"2015-11-20","148"
"2015-11-21","145"
"2015-11-22","147"
"2015-11-23","150"
"2015-11-24","145"
"2015-11-25","142"
"2015-11-26","142"
"2015-11-27","143"
"2015-11-28","132"
"2015-11-29","133"
"2015-11-30","140"
"2015-12-01","141"
"2015-12-02","145"
"2015-12-03","140"
"2015-12-04","133"
"2015-12-05","135"
"2015-12-06","136"
"2015-12-07","136"
"2015-12-08","138"
"2015-12-09","139"
"2015-12-10","142"
"2015-12-11","140"
"2015-12-12","131"
"2015-12-13","133"
"2015-12-14","135"
"2015-12-15","135"
"2015-12-16","133"
"2015-12-17","121"
"2015-12-18","112"
"2015-12-19","103"
"2015-12-20","105"
"2015-12-21","107"
"2015-12-22","108"
"2015-12-23","110"
"2015-12-24","103"
"2015-12-25","106"
"2015-12-26","108"
"2015-12-27","108"
"2015-12-28","110"
"2015-12-29","116"
"2015-12-30","115"
"2015-12-31","107"
"2016-01-01","107"
"2016-01-02","106"
"2016-01-03","106"
"2016-01-04","112"
"2016-01-05","117"
"2016-01-06","124"
"2016-01-07","129"
"2016-01-08","117"
"2016-01-09","108"
"2016-01-10","111"
"2016-01-11","116"
"2016-01-12","118"
"2016-01-13","116"
"2016-01-14","112"
"2016-01-15","118"
"2016-01-16","117"
"2016-01-17","117"
"2016-01-18","116"
"2016-01-19","116"
"2016-01-20","110"
"2016-01-21","112"
"2016-01-22","103"
"2016-01-23","104"
"2016-01-24","104"
"2016-01-25","119"
"2016-01-26","125"
"2016-01-27","122"
"2016-01-28","126"
"2016-01-29","130"
"2016-01-30","129"
"2016-01-31","131"
"2016-02-01","134"
"2016-02-02","131"
"2016-02-03","129"
"2016-02-04","130"
"2016-02-05","136"
"2016-02-06","132"
"2016-02-07","133"
"2016-02-08","136"
"2016-02-09","127"
"2016-02-10","134"
"2016-02-11","135"
"2016-02-12","135"
"2016-02-13","130"
"2016-02-14","131"
"2016-02-15","132"
"2016-02-16","123"
"2016-02-17","130"
"2016-02-18","133"
"2016-02-19","128"
"2016-02-20","126"
"2016-02-21","129"
"2016-02-22","128"
"2016-02-23","117"
"2016-02-24","112"
"2016-02-25","110"
"2016-02-26","109"
"2016-02-27","108"
"2016-02-28","111"
"2016-02-29","113"
"2016-03-01","103"
"2016-03-02","101"
"2016-03-03","100"
"2016-03-04","99"
"2016-03-05","95"
"2016-03-06","100"
"2016-03-07","105"
"2016-03-08","108"
"2016-03-09","115"
"2016-03-10","112"
"2016-03-11","121"
"2016-03-12","118"
"2016-03-13","118"
"2016-03-14","115"
"2016-03-15","118"
"2016-03-16","114"
"2016-03-17","114"
"2016-03-18","117"
"2016-03-19","104"
"2016-03-20","103"
"2016-03-21","109"
"2016-03-22","105"
"2016-03-23","109"
"2016-03-24","108"
"2016-03-25","103"
"2016-03-26","102"
"2016-03-27","103"
"2016-03-28","109"
"2016-03-29","113"
"2016-03-30","113"
"2016-03-31","112"
"2016-04-01","115"
"2016-04-02","114"
"2016-04-03","115"
"2016-04-04","124"
"2016-04-05","116"
"2016-04-06","113"
"2016-04-07","116"
"2016-04-08","115"
"2016-04-09","116"
"2016-04-10","116"
"2016-04-11","119"
"2016-04-12","119"
"2016-04-13","110"
"2016-04-14","114"
"2016-04-15","112"
"2016-04-16","121"
"2016-04-17","122"
"2016-04-18","126"
"2016-04-19","122"
"2016-04-20","119"
"2016-04-21","114"
"2016-04-22","118"
"2016-04-23","116"
"2016-04-24","117"
"2016-04-25","123"
"2016-04-26","118"
"2016-04-27","117"
"2016-04-28","120"
"2016-04-29","121"
"2016-04-30","119"
"2016-05-01","121"
"2016-05-02","124"
"2016-05-03","125"
"2016-05-04","123"
"2016-05-05","127"
"2016-05-06","124"
"2016-05-07","121"
"2016-05-08","122"
"2016-05-09","125"
"2016-05-10","122"
"2016-05-11","117"
"2016-05-12","118"
"2016-05-13","120"
"2016-05-14","118"
"2016-05-15","118"
"2016-05-16","120"
"2016-05-17","122"
"2016-05-18","129"
"2016-05-19","125"
"2016-05-20","123"
"2016-05-21","121"
"2016-05-22","123"
"2016-05-23","128"
"2016-05-24","126"
"2016-05-25","149"
"2016-05-26","149"
"2016-05-27","143"
"2016-05-28","149"
"2016-05-29","150"
"2016-05-30","150"
"2016-05-31","157"
"2016-06-01","165"
"2016-06-02","169"
"2016-06-03","167"
"2016-06-04","178"
"2016-06-05","179"
"2016-06-06","180"
"2016-06-07","182"
"2016-06-08","179"
"2016-06-09","177"
"2016-06-10","172"
"2016-06-11","185"
"2016-06-12","186"
"2016-06-13","191"
"2016-06-14","181"
"2016-06-15","177"
"2016-06-16","177"
"2016-06-17","173"
"2016-06-18","177"
"2016-06-19","177"
"2016-06-20","182"
"2016-06-21","174"
"2016-06-22","178"
"2016-06-23","176"
"2016-06-24","172"
"2016-06-25","168"
"2016-06-26","164"
"2016-06-27","170"
"2016-06-28","175"
"2016-06-29","171"
"2016-06-30","171"
"2016-07-01","177"
"2016-07-02","177"
"2016-07-03","180"
"2016-07-04","180"
"2016-07-05","185"
"2016-07-06","195"
"2016-07-07","194"
"2016-07-08","197"
"2016-07-09","200"
"2016-07-10","201"
"2016-07-11","207"
"2016-07-12","207"
"2016-07-13","209"
"2016-07-14","208"
"2016-07-15","215"
"2016-07-16","211"
"2016-07-17","210"
"2016-07-18","212"
"2016-07-19","203"
"2016-07-20","199"
"2016-07-21","192"
"2016-07-22","177"
"2016-07-23","145"
"2016-07-24","144"
"2016-07-25","149"
"2016-07-26","147"
"2016-07-27","154"
"2016-07-28","150"
"2016-07-29","157"
"2016-07-30","169"
"2016-07-31","172"
"2016-08-01","177"
"2016-08-02","170"
"2016-08-03","170"
"2016-08-04","170"
"2016-08-05","169"
"2016-08-06","184"
"2016-08-07","185"
"2016-08-08","181"
"2016-08-09","174"
"2016-08-10","180"
"2016-08-11","183"
"2016-08-12","178"
"2016-08-13","190"
"2016-08-14","190"
"2016-08-15","193"
"2016-08-16","187"
"2016-08-17","189"
"2016-08-18","192"
"2016-08-19","196"
"2016-08-20","192"
"2016-08-21","192"
"2016-08-22","193"
"2016-08-23","183"
"2016-08-24","199"
"2016-08-25","201"
"2016-08-26","199"
"2016-08-27","189"
"2016-08-28","190"
"2016-08-29","195"
"2016-08-30","186"
"2016-08-31","189"
"2016-09-01","187"
"2016-09-02","188"
"2016-09-03","183"
"2016-09-04","183"
"2016-09-05","184"
"2016-09-06","192"
"2016-09-07","195"
"2016-09-08","201"
"2016-09-09","192"
"2016-09-10","192"
"2016-09-11","193"
"2016-09-12","197"
"2016-09-13","182"
"2016-09-14","189"
"2016-09-15","188"
"2016-09-16","189"
"2016-09-17","191"
"2016-09-18","189"
"2016-09-19","190"
"2016-09-20","194"
"2016-09-21","188"
"2016-09-22","191"
"2016-09-23","188"
"2016-09-24","183"
"2016-09-25","184"
"2016-09-26","188"
"2016-09-27","181"
"2016-09-28","180"
"2016-09-29","176"
"2016-09-30","181"
"2016-10-01","174"
"2016-10-02","176"
"2016-10-03","177"
"2016-10-04","190"
"2016-10-05","191"
"2016-10-06","191"
"2016-10-07","183"
"2016-10-08","195"
"2016-10-09","194"
"2016-10-10","197"
"2016-10-11","194"
"2016-10-12","193"
"2016-10-13","193"
"2016-10-14","194"
"2016-10-15","193"
"2016-10-16","189"
"2016-10-17","189"
"2016-10-18","182"
"2016-10-19","184"
"2016-10-20","176"
"2016-10-21","159"
"2016-10-22","148"
"2016-10-23","147"
"2016-10-24","150"
"2016-10-25","143"
"2016-10-26","156"
"2016-10-27","145"
"2016-10-28","161"
"2016-10-29","156"
"2016-10-30","158"
"2016-10-31","164"
"2016-11-01","156"
"2016-11-02","158"
"2016-11-03","154"
"2016-11-04","148"
"2016-11-05","140"
"2016-11-06","140"
"2016-11-07","141"
"2016-11-08","144"
"2016-11-09","138"
"2016-11-10","137"
"2016-11-11","139"
"2016-11-12","136"
"2016-11-13","136"
"2016-11-14","137"
"2016-11-15","134"
"2016-11-16","139"
"2016-11-17","134"
"2016-11-18","134"
"2016-11-19","125"
"2016-11-20","125"
"2016-11-21","128"
"2016-11-22","131"
"2016-11-23","135"
"2016-11-24","137"
"2016-11-25","137"
"2016-11-26","129"
"2016-11-27","131"
"2016-11-28","131"
"2016-11-29","126"
"2016-11-30","129"
"2016-12-01","130"
"2016-12-02","130"
"2016-12-03","120"
"2016-12-04","121"
"2016-12-05","122"
"2016-12-06","121"
"2016-12-07","122"
"2016-12-08","122"
"2016-12-09","113"
"2016-12-10","116"
"2016-12-11","117"
"2016-12-12","123"
"2016-12-13","118"
"2016-12-14","118"
"2016-12-15","115"
"2016-12-16","112"
"2016-12-17","122"
"2016-12-18","122"
"2016-12-19","124"
"2016-12-20","122"
"2016-12-21","124"
"2016-12-22","132"
"2016-12-23","124"
"2016-12-24","124"
"2016-12-25","125"
"2016-12-26","125"
"2016-12-27","124"
"2016-12-28","121"
"2016-12-29","115"
"2016-12-30","114"
"2016-12-31","109"
"2017-01-01","111"
"2017-01-02","110"
"2017-01-03","111"
"2017-01-04","109"
"2017-01-05","112"
"2017-01-06","108"
"2017-01-07","110"
"2017-01-08","110"
"2017-01-09","118"
"2017-01-10","122"
"2017-01-11","125"
"2017-01-12","122"
"2017-01-13","123"
"2017-01-14","125"
"2017-01-15","128"
"2017-01-16","127"
"2017-01-17","122"
"2017-01-18","121"
"2017-01-19","125"
"2017-01-20","125"
"2017-01-21","118"
"2017-01-22","121"
"2017-01-23","126"
"2017-01-24","120"
"2017-01-25","111"
"2017-01-26","113"
"2017-01-27","115"
"2017-01-28","112"
"2017-01-29","112"
"2017-01-30","115"
"2017-01-31","119"
"2017-02-01","122"
"2017-02-02","122"
"2017-02-03","120"
"2017-02-04","121"
"2017-02-05","121"
"2017-02-06","124"
"2017-02-07","126"
"2017-02-08","126"
"2017-02-09","120"
"2017-02-10","114"
"2017-02-11","114"
"2017-02-12","116"
"2017-02-13","117"
"2017-02-14","111"
"2017-02-15","107"
"2017-02-16","108"
"2017-02-17","112"
"2017-02-18","108"
"2017-02-19","108"
"2017-02-20","108"
"2017-02-21","111"
"2017-02-22","115"
"2017-02-23","114"
"2017-02-24","111"
"2017-02-25","110"
"2017-02-26","113"
"2017-02-27","115"
"2017-02-28","111"
"2017-03-01","109"
"2017-03-02","106"
"2017-03-03","102"
"2017-03-04","103"
"2017-03-05","104"
"2017-03-06","108"
"2017-03-07","106"
"2017-03-08","93"
"2017-03-09","90"
"2017-03-10","90"
"2017-03-11","93"
"2017-03-12","94"
"2017-03-13","97"
"2017-03-14","106"
"2017-03-15","103"
"2017-03-16","103"
"2017-03-17","104"
"2017-03-18","99"
"2017-03-19","96"
"2017-03-20","98"
"2017-03-21","94"
"2017-03-22","101"
"2017-03-23","103"
"2017-03-24","102"
"2017-03-25","110"
"2017-03-26","114"
"2017-03-27","117"
"2017-03-28","115"
"2017-03-29","107"
"2017-03-30","108"
"2017-03-31","110"
"2017-04-01","111"
"2017-04-02","111"
"2017-04-03","112"
"2017-04-04","116"
"2017-04-05","114"
"2017-04-06","113"
"2017-04-07","115"
"2017-04-08","109"
"2017-04-09","110"
"2017-04-10","116"
"2017-04-11","111"
"2017-04-12","115"
"2017-04-13","120"
"2017-04-14","126"
"2017-04-15","130"
"2017-04-16","130"
"2017-04-17","134"
"2017-04-18","127"
"2017-04-19","135"
"2017-04-20","133"
"2017-04-21","132"
"2017-04-22","140"
"2017-04-23","147"
"2017-04-24","146"
"2017-04-25","141"
"2017-04-26","136"
"2017-04-27","139"
"2017-04-28","126"
"2017-04-29","127"
"2017-04-30","132"
"2017-05-01","136"
"2017-05-02","123"
"2017-05-03","118"
"2017-05-04","120"
"2017-05-05","121"
"2017-05-06","111"
"2017-05-07","120"
"2017-05-08","123"
"2017-05-09","123"
"2017-05-10","122"
"2017-05-11","136"
"2017-05-12","136"
"2017-05-13","139"
"2017-05-14","140"
"2017-05-15","144"
"2017-05-16","148"
"2017-05-17","141"
"2017-05-18","140"
"2017-05-19","142"
"2017-05-20","146"
"2017-05-21","147"
"2017-05-22","149"
"2017-05-23","148"
"2017-05-24","146"
"2017-05-25","150"
"2017-05-26","151"
"2017-05-27","148"
"2017-05-28","150"
"2017-05-29","150"
"2017-05-30","152"
"2017-05-31","149"
"2017-06-01","156"
"2017-06-02","162"
"2017-06-03","158"
"2017-06-04","159"
"2017-06-05","164"
"2017-06-06","168"
"2017-06-07","180"
"2017-06-08","167"
"2017-06-09","163"
"2017-06-10","172"
"2017-06-11","172"
"2017-06-12","183"
"2017-06-13","164"
"2017-06-14","153"
"2017-06-15","150"
"2017-06-16","152"
"2017-06-17","146"
"2017-06-18","148"
"2017-06-19","154"
"2017-06-20","150"
"2017-06-21","160"
"2017-06-22","161"
"2017-06-23","157"
"2017-06-24","159"
"2017-06-25","159"
"2017-06-26","162"
"2017-06-27","172"
"2017-06-28","167"
"2017-06-29","168"
"2017-06-30","165"
"2017-07-01","154"
"2017-07-02","155"
"2017-07-03","158"
"2017-07-04","159"
"2017-07-05","167"
"2017-07-06","159"
"2017-07-07","160"
"2017-07-08","153"
"2017-07-09","155"
"2017-07-10","163"
"2017-07-11","159"
"2017-07-12","149"
"2017-07-13","162"
"2017-07-14","158"
"2017-07-15","155"
"2017-07-16","162"
"2017-07-17","168"
"2017-07-18","157"
"2017-07-19","158"
"2017-07-20","152"
"2017-07-21","153"
"2017-07-22","147"
"2017-07-23","147"
"2017-07-24","150"
"2017-07-25","149"
"2017-07-26","161"
"2017-07-27","162"
"2017-07-28","157"
"2017-07-29","149"
"2017-07-30","150"
"2017-07-31","156"
"2017-08-01","153"
"2017-08-02","146"
"2017-08-03","137"
"2017-08-04","136"
"2017-08-05","131"
"2017-08-06","134"
"2017-08-07","137"
"2017-08-08","130"
"2017-08-09","127"
"2017-08-10","122"
"2017-08-11","123"
"2017-08-12","131"
"2017-08-13","131"
"2017-08-14","136"
"2017-08-15","142"
"2017-08-16","140"
"2017-08-17","147"
"2017-08-18","140"
"2017-08-19","123"
"2017-08-20","126"
"2017-08-21","133"
"2017-08-22","137"
"2017-08-23","135"
"2017-08-24","152"
"2017-08-25","150"
"2017-08-26","149"
"2017-08-27","153"
"2017-08-28","155"
"2017-08-29","154"
"2017-08-30","171"
"2017-08-31","173"
"2017-09-01","182"
"2017-09-02","177"
"2017-09-03","178"
"2017-09-04","179"
"2017-09-05","181"
"2017-09-06","179"
"2017-09-07","167"
"2017-09-08","159"
"2017-09-09","155"
"2017-09-10","155"
"2017-09-11","163"
"2017-09-12","158"
"2017-09-13","165"
"2017-09-14","165"
"2017-09-15","157"
"2017-09-16","157"
"2017-09-17","155"
"2017-09-18","160"
"2017-09-19","165"
"2017-09-20","162"
"2017-09-21","160"
"2017-09-22","158"
"2017-09-23","152"
"2017-09-24","153"
"2017-09-25","153"
"2017-09-26","155"
"2017-09-27","153"
"2017-09-28","155"
"2017-09-29","151"
"2017-09-30","142"
"2017-10-01","144"
"2017-10-02","146"
"2017-10-03","160"
"2017-10-04","157"
"2017-10-05","154"
"2017-10-06","150"
"2017-10-07","142"
"2017-10-08","142"
"2017-10-09","147"
"2017-10-10","165"
"2017-10-11","122"
"2017-10-12","100"
"2017-10-13","91"
"2017-10-14","109"
"2017-10-15","114"
"2017-10-16","138"
"2017-10-17","146"
"2017-10-18","159"
"2017-10-19","163"
"2017-10-20","169"
"2017-10-21","168"
"2017-10-22","169"
"2017-10-23","173"
"2017-10-24","174"
"2017-10-25","180"
"2017-10-26","183"
"2017-10-27","191"
"2017-10-28","189"
"2017-10-29","188"
"2017-10-30","191"
"2017-10-31","189"
"2017-11-01","188"
"2017-11-02","184"
"2017-11-03","185"
"2017-11-04","193"
"2017-11-05","192"
"2017-11-06","198"
"2017-11-07","192"
"2017-11-08","193"
"2017-11-09","192"
"2017-11-10","197"
"2017-11-11","206"
"2017-11-12","206"
"2017-11-13","207"
"2017-11-14","204"
"2017-11-15","215"
"2017-11-16","217"
"2017-11-17","193"
"2017-11-18","188"
"2017-11-19","188"
"2017-11-20","188"
"2017-11-21","184"
"2017-11-22","171"
"2017-11-23","171"
"2017-11-24","179"
"2017-11-25","171"
"2017-11-26","172"
"2017-11-27","172"
"2017-11-28","168"
"2017-11-29","165"
"2017-11-30","164"
"2017-12-01","152"
"2017-12-02","151"
"2017-12-03","153"
"2017-12-04","160"
"2017-12-05","157"
"2017-12-06","152"
"2017-12-07","162"
"2017-12-08","170"
"2017-12-09","166"
"2017-12-10","166"
"2017-12-11","166"
"2017-12-12","152"
"2017-12-13","127"
"2017-12-14","128"
"2017-12-15","120"
"2017-12-16","118"
"2017-12-17","120"
"2017-12-18","119"
"2017-12-19","116"
"2017-12-20","113"
"2017-12-21","113"
"2017-12-22","116"
"2017-12-23","120"
"2017-12-24","124"
"2017-12-25","124"
"2017-12-26","117"
"2017-12-27","111"
"2017-12-28","128"
"2017-12-29","123"
"2017-12-30","121"
"2017-12-31","125"
"2018-01-01","127"
"2018-01-02","126"
"2018-01-03","131"
"2018-01-04","137"
"2018-01-05","128"
"2018-01-06","134"
"2018-01-07","135"
"2018-01-08","137"
"2018-01-09","140"
"2018-01-10","140"
"2018-01-11","126"
"2018-01-12","130"
"2018-01-13","122"
"2018-01-14","126"
"2018-01-15","126"
"2018-01-16","123"
"2018-01-17","127"
"2018-01-18","120"
"2018-01-19","112"
"2018-01-20","109"
"2018-01-21","113"
"2018-01-22","117"
"2018-01-23","109"
"2018-01-24","111"
"2018-01-25","115"
"2018-01-26","110"
"2018-01-27","108"
"2018-01-28","113"
"2018-01-29","116"
"2018-01-30","110"
"2018-01-31","119"
"2018-02-01","120"
"2018-02-02","114"
"2018-02-03","108"
"2018-02-04","110"
"2018-02-05","113"
"2018-02-06","111"
"2018-02-07","115"
"2018-02-08","118"
"2018-02-09","119"
"2018-02-10","129"
"2018-02-11","130"
"2018-02-12","130"
"2018-02-13","134"
"2018-02-14","143"
"2018-02-15","141"
"2018-02-16","137"
"2018-02-17","136"
"2018-02-18","137"
"2018-02-19","137"
"2018-02-20","143"
"2018-02-21","144"
"2018-02-22","140"
"2018-02-23","140"
"2018-02-24","136"
"2018-02-25","139"
"2018-02-26","141"
"2018-02-27","130"
"2018-02-28","135"
"2018-03-01","108"
"2018-03-02","105"
"2018-03-03","95"
"2018-03-04","95"
"2018-03-05","98"
"2018-03-06","99"
"2018-03-07","92"
"2018-03-08","100"
"2018-03-09","97"
"2018-03-10","96"
"2018-03-11","99"
"2018-03-12","113"
"2018-03-13","98"
"2018-03-14","107"
"2018-03-15","108"
"2018-03-16","107"
"2018-03-17","105"
"2018-03-18","108"
"2018-03-19","117"
"2018-03-20","108"
"2018-03-21","106"
"2018-03-22","122"
"2018-03-23","122"
"2018-03-24","119"
"2018-03-25","120"
"2018-03-26","119"
"2018-03-27","117"
"2018-03-28","119"
"2018-03-29","121"
"2018-03-30","127"
"2018-03-31","122"
"2018-04-01","123"
"2018-04-02","128"
"2018-04-03","134"
"2018-04-04","132"
"2018-04-05","139"
"2018-04-06","125"
"2018-04-07","131"
"2018-04-08","137"
"2018-04-09","140"
"2018-04-10","137"
"2018-04-11","135"
"2018-04-12","129"
"2018-04-13","124"
"2018-04-14","122"
"2018-04-15","120"
"2018-04-16","122"
"2018-04-17","129"
"2018-04-18","126"
"2018-04-19","135"
"2018-04-20","134"
"2018-04-21","136"
"2018-04-22","136"
"2018-04-23","142"
"2018-04-24","174"
"2018-04-25","170"
"2018-04-26","172"
"2018-04-27","174"
"2018-04-28","140"
"2018-04-29","141"
"2018-04-30","143"
"2018-05-01","152"
"2018-05-02","152"
"2018-05-03","150"
"2018-05-04","143"
"2018-05-05","140"
"2018-05-06","140"
"2018-05-07","144"
"2018-05-08","148"
"2018-05-09","140"
"2018-05-10","142"
"2018-05-11","133"
"2018-05-12","130"
"2018-05-13","131"
"2018-05-14","135"
"2018-05-15","150"
"2018-05-16","150"
"2018-05-17","165"
"2018-05-18","162"
"2018-05-19","133"
"2018-05-20","138"
"2018-05-21","139"
"2018-05-22","140"
"2018-05-23","141"
"2018-05-24","140"
"2018-05-25","143"
"2018-05-26","141"
"2018-05-27","143"
"2018-05-28","145"
"2018-05-29","152"
"2018-05-30","162"
"2018-05-31","156"
"2018-06-01","154"
"2018-06-02","157"
"2018-06-03","156"
"2018-06-04","163"
"2018-06-05","174"
"2018-06-06","174"
"2018-06-07","168"
"2018-06-08","164"
"2018-06-09","158"
"2018-06-10","158"
"2018-06-11","159"
"2018-06-12","157"
"2018-06-13","154"
"2018-06-14","157"
"2018-06-15","162"
"2018-06-16","155"
"2018-06-17","155"
"2018-06-18","157"
"2018-06-19","158"
"2018-06-20","153"
"2018-06-21","159"
"2018-06-22","160"
"2018-06-23","160"
"2018-06-24","160"
"2018-06-25","159"
"2018-06-26","163"
"2018-06-27","165"
"2018-06-28","155"
"2018-06-29","154"
"2018-06-30","167"
"2018-07-01","167"
"2018-07-02","163"
"2018-07-03","171"
"2018-07-04","172"
"2018-07-05","179"
"2018-07-06","184"
"2018-07-07","185"
"2018-07-08","191"
"2018-07-09","200"
"2018-07-10","203"
"2018-07-11","199"
"2018-07-12","202"
"2018-07-13","184"
"2018-07-14","187"
"2018-07-15","189"
"2018-07-16","190"
"2018-07-17","179"
"2018-07-18","180"
"2018-07-19","172"
"2018-07-20","174"
"2018-07-21","171"
"2018-07-22","172"
"2018-07-23","171"
"2018-07-24","159"
"2018-07-25","163"
"2018-07-26","152"
"2018-07-27","149"
"2018-07-28","142"
"2018-07-29","144"
"2018-07-30","151"
"2018-07-31","150"
"2018-08-01","155"
"2018-08-02","152"
"2018-08-03","160"
"2018-08-04","158"
"2018-08-05","158"
"2018-08-06","159"
"2018-08-07","166"
"2018-08-08","169"
"2018-08-09","157"
"2018-08-10","156"
"2018-08-11","153"
"2018-08-12","157"
"2018-08-13","165"
"2018-08-14","169"
"2018-08-15","181"
"2018-08-16","174"
"2018-08-17","170"
"2018-08-18","155"
"2018-08-19","153"
"2018-08-20","158"
"2018-08-21","162"
"2018-08-22","160"
"2018-08-23","159"
"2018-08-24","153"
"2018-08-25","149"
"2018-08-26","152"
"2018-08-27","155"
"2018-08-28","148"
"2018-08-29","156"
"2018-08-30","153"
"2018-08-31","156"
"2018-09-01","151"
"2018-09-02","152"
"2018-09-03","152"
"2018-09-04","158"
"2018-09-05","171"
"2018-09-06","174"
"2018-09-07","183"
"2018-09-08","186"
"2018-09-09","188"
"2018-09-10","191"
"2018-09-11","189"
"2018-09-12","192"
"2018-09-13","192"
"2018-09-14","194"
"2018-09-15","190"
"2018-09-16","190"
"2018-09-17","197"
"2018-09-18","200"
"2018-09-19","201"
"2018-09-20","204"
"2018-09-21","191"
"2018-09-22","183"
"2018-09-23","185"
"2018-09-24","187"
"2018-09-25","185"
"2018-09-26","180"
"2018-09-27","180"
"2018-09-28","192"
"2018-09-29","189"
"2018-09-30","191"
"2018-10-01","199"
"2018-10-02","181"
"2018-10-03","180"
"2018-10-04","169"
"2018-10-05","158"
"2018-10-06","161"
"2018-10-07","162"
"2018-10-08","161"
"2018-10-09","167"
"2018-10-10","172"
"2018-10-11","164"
"2018-10-12","157"
"2018-10-13","165"
"2018-10-14","166"
"2018-10-15","173"
"2018-10-16","176"
"2018-10-17","174"
"2018-10-18","182"
"2018-10-19","180"
"2018-10-20","174"
"2018-10-21","177"
"2018-10-22","169"
"2018-10-23","152"
"2018-10-24","153"
"2018-10-25","155"
"2018-10-26","158"
"2018-10-27","149"
"2018-10-28","150"
"2018-10-29","150"
"2018-10-30","150"
"2018-10-31","143"
"2018-11-01","148"
"2018-11-02","147"
"2018-11-03","141"
"2018-11-04","140"
"2018-11-05","141"
"2018-11-06","141"
"2018-11-07","141"
"2018-11-08","143"
"2018-11-09","139"
"2018-11-10","145"
"2018-11-11","149"
"2018-11-12","153"
"2018-11-13","138"
"2018-11-14","136"
"2018-11-15","141"
"2018-11-16","135"
"2018-11-17","133"
"2018-11-18","136"
"2018-11-19","139"
"2018-11-20","141"
"2018-11-21","131"
"2018-11-22","134"
"2018-11-23","135"
"2018-11-24","129"
"2018-11-25","131"
"2018-11-26","135"
"2018-11-27","133"
"2018-11-28","136"
"2018-11-29","133"
"2018-11-30","135"
"2018-12-01","129"
"2018-12-02","130"
"2018-12-03","135"
"2018-12-04","130"
"2018-12-05","119"
"2018-12-06","132"
"2018-12-07","129"
"2018-12-08","119"
"2018-12-09","120"
"2018-12-10","121"
"2018-12-11","129"
"2018-12-12","130"
"2018-12-13","134"
"2018-12-14","134"
"2018-12-15","132"
"2018-12-16","133"
"2018-12-17","132"
"2018-12-18","137"
"2018-12-19","137"
"2018-12-20","138"
"2018-12-21","135"
"2018-12-22","139"
"2018-12-23","139"
"2018-12-24","142"
"2018-12-25","142"
"2018-12-26","154"
"2018-12-27","160"
"2018-12-28","155"
"2018-12-29","152"
"2018-12-30","152"
"2018-12-31","156"
"2019-01-01","159"
"2019-01-02","155"
"2019-01-03","144"
"2019-01-04","127"
"2019-01-05","111"
"2019-01-06","114"
"2019-01-07","116"
"2019-01-08","110"
"2019-01-09","115"
"2019-01-10","109"
"2019-01-11","106"
"2019-01-12","108"
"2019-01-13","111"
"2019-01-14","110"
"2019-01-15","102"
"2019-01-16","101"
"2019-01-17","100"
"2019-01-18","108"
"2019-01-19","110"
"2019-01-20","110"
"2019-01-21","112"
"2019-01-22","105"
"2019-01-23","104"
"2019-01-24","98"
"2019-01-25","100"
"2019-01-26","95"
"2019-01-27","98"
"2019-01-28","101"
"2019-01-29","97"
"2019-01-30","101"
"2019-01-31","101"
"2019-02-01","102"
"2019-02-02","105"
"2019-02-03","109"
"2019-02-04","100"
"2019-02-05","96"
"2019-02-06","97"
"2019-02-07","99"
"2019-02-08","101"
"2019-02-09","96"
"2019-02-10","98"
"2019-02-11","101"
"2019-02-12","101"
"2019-02-13","103"
"2019-02-14","102"
"2019-02-15","99"
"2019-02-16","93"
"2019-02-17","97"
"2019-02-18","97"
"2019-02-19","95"
"2019-02-20","107"
"2019-02-21","109"
"2019-02-22","110"
"2019-02-23","110"
"2019-02-24","110"
"2019-02-25","116"
"2019-02-26","111"
"2019-02-27","116"
"2019-02-28","113"
"2019-03-01","114"
"2019-03-02","115"
"2019-03-03","116"
"2019-03-04","104"
"2019-03-05","103"
"2019-03-06","103"
"2019-03-07","108"
"2019-03-08","109"
"2019-03-09","100"
"2019-03-10","103"
"2019-03-11","108"
"2019-03-12","105"
"2019-03-13","101"
"2019-03-14","87"
"2019-03-15","90"
"2019-03-16","92"
"2019-03-17","93"
"2019-03-18","97"
"2019-03-19","92"
"2019-03-20","92"
"2019-03-21","102"
"2019-03-22","100"
"2019-03-23","102"
"2019-03-24","102"
"2019-03-25","102"
"2019-03-26","99"
"2019-03-27","108"
"2019-03-28","107"
"2019-03-29","109"
"2019-03-30","110"
"2019-03-31","116"
"2019-04-01","119"
"2019-04-02","125"
"2019-04-03","124"
"2019-04-04","133"
"2019-04-05","125"
"2019-04-06","125"
"2019-04-07","127"
"2019-04-08","129"
"2019-04-09","123"
"2019-04-10","119"
"2019-04-11","118"
"2019-04-12","126"
"2019-04-13","127"
"2019-04-14","127"
"2019-04-15","133"
"2019-04-16","126"
"2019-04-17","124"
"2019-04-18","123"
"2019-04-19","130"
"2019-04-20","120"
"2019-04-21","120"
"2019-04-22","123"
"2019-04-23","121"
"2019-04-24","125"
"2019-04-25","120"
"2019-04-26","106"
"2019-04-27","102"
"2019-04-28","103"
"2019-04-29","82"
"2019-04-30","89"
"2019-05-01","90"
"2019-05-02","91"
"2019-05-03","93"
"2019-05-04","97"
"2019-05-05","99"
"2019-05-06","102"
"2019-05-07","101"
"2019-05-08","101"
"2019-05-09","103"
"2019-05-10","110"
"2019-05-11","109"
"2019-05-12","111"
"2019-05-13","110"
"2019-05-14","116"
"2019-05-15","118"
"2019-05-16","124"
"2019-05-17","125"
"2019-05-18","119"
"2019-05-19","119"
"2019-05-20","122"
"2019-05-21","126"
"2019-05-22","124"
"2019-05-23","129"
"2019-05-24","135"
"2019-05-25","146"
"2019-05-26","145"
"2019-05-27","145"
"2019-05-28","138"
"2019-05-29","128"
"2019-05-30","137"
"2019-05-31","145"
"2019-06-01","153"
"2019-06-02","154"
"2019-06-03","157"
"2019-06-04","164"
"2019-06-05","152"
"2019-06-06","147"
"2019-06-07","142"
"2019-06-08","138"
"2019-06-09","138"
"2019-06-10","146"
"2019-06-11","152"
"2019-06-12","149"
"2019-06-13","147"
"2019-06-14","141"
"2019-06-15","140"
"2019-06-16","139"
"2019-06-17","145"
"2019-06-18","145"
"2019-06-19","159"
"2019-06-20","159"
"2019-06-21","155"
"2019-06-22","144"
"2019-06-23","145"
"2019-06-24","130"
"2019-06-25","134"
"2019-06-26","137"
"2019-06-27","144"
"2019-06-28","150"
"2019-06-29","146"
"2019-06-30","148"
"2019-07-01","158"
"2019-07-02","151"
"2019-07-03","140"
"2019-07-04","141"
"2019-07-05","148"
"2019-07-06","143"
"2019-07-07","144"
"2019-07-08","140"
"2019-07-09","130"
"2019-07-10","131"
"2019-07-11","132"
"2019-07-12","135"
"2019-07-13","138"
"2019-07-14","139"
"2019-07-15","144"
"2019-07-16","142"
"2019-07-17","138"
"2019-07-18","137"
"2019-07-19","141"
"2019-07-20","143"
"2019-07-21","145"
"2019-07-22","146"
"2019-07-23","145"
"2019-07-24","146"
"2019-07-25","146"
"2019-07-26","142"
"2019-07-27","154"
"2019-07-28","155"
"2019-07-29","162"
"2019-07-30","158"
"2019-07-31","152"
"2019-08-01","159"
"2019-08-02","165"
"2019-08-03","163"
"2019-08-04","163"
"2019-08-05","177"
"2019-08-06","171"
"2019-08-07","171"
"2019-08-08","162"
"2019-08-09","165"
"2019-08-10","157"
"2019-08-11","158"
"2019-08-12","157"
"2019-08-13","157"
"2019-08-14","155"
"2019-08-15","173"
"2019-08-16","168"
"2019-08-17","162"
"2019-08-18","166"
"2019-08-19","176"
"2019-08-20","159"
"2019-08-21","153"
"2019-08-22","155"
"2019-08-23","155"
"2019-08-24","162"
"2019-08-25","162"
"2019-08-26","166"
"2019-08-27","154"
"2019-08-28","154"
"2019-08-29","153"
"2019-08-30","150"
"2019-08-31","148"
"2019-09-01","148"
"2019-09-02","151"
"2019-09-03","143"
"2019-09-04","142"
"2019-09-05","157"
"2019-09-06","144"
"2019-09-07","146"
"2019-09-08","143"
"2019-09-09","144"
"2019-09-10","145"
"2019-09-11","149"
"2019-09-12","152"
"2019-09-13","145"
"2019-09-14","143"
"2019-09-15","144"
"2019-09-16","143"
"2019-09-17","141"
"2019-09-18","128"
"2019-09-19","131"
"2019-09-20","127"
"2019-09-21","127"
"2019-09-22","129"
"2019-09-23","135"
"2019-09-24","136"
"2019-09-25","135"
"2019-09-26","137"
"2019-09-27","148"
"2019-09-28","146"
"2019-09-29","146"
"2019-09-30","158"
"2019-10-01","177"
"2019-10-02","167"
"2019-10-03","164"
"2019-10-04","153"
"2019-10-05","142"
"2019-10-06","144"
"2019-10-07","140"
"2019-10-08","150"
"2019-10-09","142"
"2019-10-10","150"
"2019-10-11","150"
"2019-10-12","132"
"2019-10-13","133"
"2019-10-14","135"
"2019-10-15","125"
"2019-10-16","125"
"2019-10-17","125"
"2019-10-18","120"
"2019-10-19","118"
"2019-10-20","122"
"2019-10-21","122"
"2019-10-22","124"
"2019-10-23","127"
"2019-10-24","130"
"2019-10-25","131"
"2019-10-26","65"
"2019-10-27","67"
"2019-10-28","73"
"2019-10-29","82"
"2019-10-30","87"
"2019-10-31","91"
"2019-11-01","87"
"2019-11-02","95"
"2019-11-03","96"
"2019-11-04","99"
"2019-11-05","104"
"2019-11-06","104"
"2019-11-07","113"
"2019-11-08","111"
"2019-11-09","105"
"2019-11-10","107"
"2019-11-11","110"
"2019-11-12","107"
"2019-11-13","107"
"2019-11-14","110"
"2019-11-15","114"
"2019-11-16","111"
"2019-11-17","111"
"2019-11-18","118"
"2019-11-19","116"
"2019-11-20","116"
"2019-11-21","111"
"2019-11-22","106"
"2019-11-23","108"
"2019-11-24","109"
"2019-11-25","109"
"2019-11-26","113"
"2019-11-27","111"
"2019-11-28","111"
"2019-11-29","111"
"2019-11-30","111"
"2019-12-01","112"
"2019-12-02","113"
"2019-12-03","119"
"2019-12-04","114"
"2019-12-05","120"
"2019-12-06","123"
"2019-12-07","124"
"2019-12-08","122"
"2019-12-09","127"
"2019-12-10","119"
"2019-12-11","120"
"2019-12-12","123"
"2019-12-13","124"
"2019-12-14","118"
"2019-12-15","119"
"2019-12-16","119"
"2019-12-17","114"
"2019-12-18","113"
"2019-12-19","102"
"2019-12-20","98"
"2019-12-21","88"
"2019-12-22","91"
"2019-12-23","93"
"2019-12-24","96"
"2019-12-25","97"
"2019-12-26","94"
"2019-12-27","89"
"2019-12-28","85"
"2019-12-29","86"
"2019-12-30","86"
"2019-12-31","85"
"2020-01-01","86"
"2020-01-02","85"
"2020-01-03","90"
"2020-01-04","86"
"2020-01-05","87"
"2020-01-06","89"
"2020-01-07","85"
"2020-01-08","91"
"2020-01-09","94"
"2020-01-10","93"
"2020-01-11","94"
"2020-01-12","94"
"2020-01-13","99"
"2020-01-14","94"
"2020-01-15","88"
"2020-01-16","85"
"2020-01-17","90"
"2020-01-18","84"
"2020-01-19","88"
"2020-01-20","89"
"2020-01-21","89"
"2020-01-22","100"
"2020-01-23","100"
"2020-01-24","109"
"2020-01-25","95"
"2020-01-26","97"
"2020-01-27","102"
"2020-01-28","100"
"2020-01-29","103"
"2020-01-30","100"
"2020-01-31","102"
"2020-02-01","109"
"2020-02-02","110"
"2020-02-03","108"
"2020-02-04","110"
"2020-02-05","102"
"2020-02-06","105"
"2020-02-07","111"
"2020-02-08","106"
"2020-02-09","106"
"2020-02-10","108"
"2020-02-11","100"
"2020-02-12","102"
"2020-02-13","102"
"2020-02-14","93"
"2020-02-15","88"
"2020-02-16","95"
"2020-02-17","96"
"2020-02-18","102"
"2020-02-19","102"
"2020-02-20","113"
"2020-02-21","101"
"2020-02-22","100"
"2020-02-23","101"
"2020-02-24","103"
"2020-02-25","103"
"2020-02-26","101"
"2020-02-27","96"
"2020-02-28","92"
"2020-02-29","92"
"2020-03-01","93"
"2020-03-02","96"
"2020-03-03","99"
"2020-03-04","97"
"2020-03-05","101"
"2020-03-06","105"
"2020-03-07","96"
"2020-03-08","96"
"2020-03-09","97"
"2020-03-10","95"
"2020-03-11","93"
"2020-03-12","92"
"2020-03-13","95"
"2020-03-14","93"
"2020-03-15","96"
"2020-03-16","97"
"2020-03-17","97"
"2020-03-18","96"
"2020-03-19","98"
"2020-03-20","99"
"2020-03-21","101"
"2020-03-22","101"
"2020-03-23","104"
"2020-03-24","101"
"2020-03-25","106"
"2020-03-26","104"
"2020-03-27","105"
"2020-03-28","111"
"2020-03-29","112"
"2020-03-30","113"
"2020-03-31","113"
"2020-04-01","115"
"2020-04-02","107"
"2020-04-03","108"
"2020-04-04","108"
"2020-04-05","108"
"2020-04-06","108"
"2020-04-07","107"
"2020-04-08","107"
"2020-04-09","107"
"2020-04-10","105"
"2020-04-11","98"
"2020-04-12","99"
"2020-04-13","85"
"2020-04-14","73"
"2020-04-15","71"
"2020-04-16","71"
"2020-04-17","66"
"2020-04-18","67"
"2020-04-19","67"
"2020-04-20","66"
"2020-04-21","68"
"2020-04-22","67"
"2020-04-23","66"
"2020-04-24","65"
"2020-04-25","65"
"2020-04-26","65"
"2020-04-27","58"
"2020-04-28","58"
"2020-04-29","58"
"2020-04-30","61"
"2020-05-01","58"
"2020-05-02","60"
"2020-05-03","60"
"2020-05-04","60"
"2020-05-05","61"
"2020-05-06","49"
"2020-05-07","49"
"2020-05-08","48"
"2020-05-09","44"
"2020-05-10","44"
"2020-05-11","42"
"2020-05-12","42"
"2020-05-13","41"
"2020-05-14","41"
"2020-05-15","44"
"2020-05-16","50"
"2020-05-17","50"
"2020-05-18","49"
"2020-05-19","49"
"2020-05-20","56"
"2020-05-21","51"
"2020-05-22","52"
"2020-05-23","52"
"2020-05-24","52"
"2020-05-25","53"
"2020-05-26","54"
"2020-05-27","56"
"2020-05-28","58"
"2020-05-29","62"
"2020-05-30","66"
"2020-05-31","66"
"2020-06-01","63"
"2020-06-02","62"
"2020-06-03","69"
"2020-06-04","67"
"2020-06-05","70"
"2020-06-06","72"
"2020-06-07","72"
"2020-06-08","72"
"2020-06-09","75"
"2020-06-10","76"
"2020-06-11","72"
"2020-06-12","81"
"2020-06-13","84"
"2020-06-14","86"
"2020-06-15","90"
"2020-06-16","87"
"2020-06-17","93"
"2020-06-18","90"
"2020-06-19","91"
"2020-06-20","93"
"2020-06-21","96"
"2020-06-22","99"
"2020-06-23","108"
"2020-06-24","108"
"2020-06-25","105"
"2020-06-26","103"
"2020-06-27","103"
"2020-06-28","105"
"2020-06-29","105"
"2020-06-30","107"
"2020-07-01","102"
"2020-07-02","107"
"2020-07-03","107"
"2020-07-04","105"
"2020-07-05","112"
"2020-07-06","116"
"2020-07-07","115"
"2020-07-08","106"
"2020-07-09","104"
"2020-07-10","100"
"2020-07-11","103"
"2020-07-12","109"
"2020-07-13","112"
"2020-07-14","115"
"2020-07-15","110"
"2020-07-16","105"
"2020-07-17","101"
"2020-07-18","97"
"2020-07-19","97"
"2020-07-20","97"
"2020-07-21","96"
"2020-07-22","94"
"2020-07-23","97"
"2020-07-24","104"
"2020-07-25","105"
"2020-07-26","105"
"2020-07-27","110"
"2020-07-28","95"
"2020-07-29","103"
"2020-07-30","101"
"2020-07-31","97"
"2020-08-01","99"
"2020-08-02","99"
"2020-08-03","99"
"2020-08-04","102"
"2020-08-05","100"
"2020-08-06","89"
"2020-08-07","87"
"2020-08-08","89"
"2020-08-09","90"
"2020-08-10","90"
"2020-08-11","94"
"2020-08-12","101"
"2020-08-13","97"
"2020-08-14","95"
"2020-08-15","93"
"2020-08-16","94"
"2020-08-17","96"
"2020-08-18","97"
"2020-08-19","85"
"2020-08-20","72"
"2020-08-21","63"
"2020-08-22","52"
"2020-08-23","55"
"2020-08-24","57"
"2020-08-25","59"
"2020-08-26","57"
"2020-08-27","59"
"2020-08-28","58"
"2020-08-29","50"
"2020-08-30","51"
"2020-08-31","54"
"2020-09-01","56"
"2020-09-02","57"
"2020-09-03","59"
"2020-09-04","59"
"2020-09-05","60"
"2020-09-06","61"
"2020-09-07","63"
"2020-09-08","64"
"2020-09-09","62"
"2020-09-10","75"
"2020-09-11","78"
"2020-09-12","80"
"2020-09-13","80"
"2020-09-14","81"
"2020-09-15","79"
"2020-09-16","76"
"2020-09-17","91"
"2020-09-18","89"
"2020-09-19","90"
"2020-09-20","90"
"2020-09-21","92"
"2020-09-22","96"
"2020-09-23","100"
"2020-09-24","94"
"2020-09-25","91"
"2020-09-26","89"
"2020-09-27","90"
"2020-09-28","70"
"2020-09-29","72"
"2020-09-30","73"
"2020-10-01","76"
"2020-10-02","69"
"2020-10-03","66"
"2020-10-04","66"
"2020-10-05","70"
"2020-10-06","66"
"2020-10-07","87"
"2020-10-08","86"
"2020-10-09","87"
"2020-10-10","91"
"2020-10-11","91"
"2020-10-12","91"
"2020-10-13","88"
"2020-10-14","87"
"2020-10-15","85"
"2020-10-16","83"
"2020-10-17","87"
"2020-10-18","88"
"2020-10-19","94"
"2020-10-20","92"
"2020-10-21","90"
"2020-10-22","93"
"2020-10-23","96"
"2020-10-24","94"
"2020-10-25","95"
"2020-10-26","98"
"2020-10-27","97"
"2020-10-28","94"
"2020-10-29","96"
"2020-10-30","95"
"2020-10-31","97"
"2020-11-01","100"
"2020-11-02","100"
"2020-11-03","99"
"2020-11-04","84"
"2020-11-05","82"
"2020-11-06","84"
"2020-11-07","87"
"2020-11-08","87"
"2020-11-09","90"
"2020-11-10","85"
"2020-11-11","86"
"2020-11-12","88"
"2020-11-13","86"
"2020-11-14","84"
"2020-11-15","84"
"2020-11-16","87"
"2020-11-17","111"
"2020-11-18","107"
"2020-11-19","113"
"2020-11-20","109"
"2020-11-21","110"
"2020-11-22","110"
"2020-11-23","103"
"2020-11-24","109"
"2020-11-25","107"
"2020-11-26","107"
"2020-11-27","109"
"2020-11-28","112"
"2020-11-29","116"
"2020-11-30","122"
"2020-12-01","123"
"2020-12-02","119"
"2020-12-03","118"
"2020-12-04","114"
"2020-12-05","105"
"2020-12-06","107"
"2020-12-07","109"
"2020-12-08","104"
"2020-12-09","103"
"2020-12-10","100"
"2020-12-11","100"
"2020-12-12","102"
"2020-12-13","102"
"2020-12-14","103"
"2020-12-15","105"
"2020-12-16","105"
"2020-12-17","105"
"2020-12-18","108"
"2020-12-19","108"
"2020-12-20","108"
"2020-12-21","109"
"2020-12-22","107"
"2020-12-23","111"
"2020-12-24","109"
"2020-12-25","109"
"2020-12-26","113"
"2020-12-27","113"
"2020-12-28","117"
"2020-12-29","115"
"2020-12-30","116"
"2020-12-31","114"
"2021-01-01","114"
"2021-01-02","107"
"2021-01-03","107"
"2021-01-04","109"
"2021-01-05","112"
"2021-01-06","101"
"2021-01-07","100"
"2021-01-08","98"
"2021-01-09","93"
"2021-01-10","94"
"2021-01-11","96"
"2021-01-12","95"
"2021-01-13","94"
"2021-01-14","92"
"2021-01-15","91"
"2021-01-16","94"
"2021-01-17","94"
"2021-01-18","94"
"2021-01-19","101"
"2021-01-20","100"
"2021-01-21","106"
"2021-01-22","104"
"2021-01-23","100"
"2021-01-24","100"
"2021-01-25","101"
"2021-01-26","99"
"2021-01-27","103"
"2021-01-28","103"
"2021-01-29","106"
"2021-01-30","109"
"2021-01-31","109"
"2021-02-01","111"
"2021-02-02","109"
"2021-02-03","102"
"2021-02-04","102"
"2021-02-05","99"
"2021-02-06","95"
"2021-02-07","95"
"2021-02-08","99"
"2021-02-09","98"
"2021-02-10","99"
"2021-02-11","93"
"2021-02-12","94"
"2021-02-13","96"
"2021-02-14","98"
"2021-02-15","98"
"2021-02-16","100"
"2021-02-17","92"
"2021-02-18","83"
"2021-02-19","83"
"2021-02-20","85"
"2021-02-21","86"
"2021-02-22","90"
"2021-02-23","84"
"2021-02-24","84"
"2021-02-25","79"
"2021-02-26","77"
"2021-02-27","76"
"2021-02-28","76"
"2021-03-01","83"
"2021-03-02","82"
"2021-03-03","79"
"2021-03-04","81"
"2021-03-05","80"
"2021-03-06","75"
"2021-03-07","77"
"2021-03-08","76"
"2021-03-09","75"
"2021-03-10","73"
"2021-03-11","72"
"2021-03-12","70"
"2021-03-13","73"
"2021-03-14","73"
"2021-03-15","72"
"2021-03-16","76"
"2021-03-17","58"
"2021-03-18","58"
"2021-03-19","61"
"2021-03-20","57"
"2021-03-21","58"
"2021-03-22","61"
"2021-03-23","62"
"2021-03-24","57"
"2021-03-25","59"
"2021-03-26","61"
"2021-03-27","63"
"2021-03-28","63"
"2021-03-29","64"
"2021-03-30","65"
"2021-03-31","66"
"2021-04-01","70"
"2021-04-02","72"
"2021-04-03","76"
"2021-04-04","78"
"2021-04-05","81"
"2021-04-06","77"
"2021-04-07","72"
"2021-04-08","70"
"2021-04-09","68"
"2021-04-10","71"
"2021-04-11","71"
"2021-04-12","74"
"2021-04-13","74"
"2021-04-14","73"
"2021-04-15","72"
"2021-04-16","73"
"2021-04-17","73"
"2021-04-18","78"
"2021-04-19","79"
"2021-04-20","82"
"2021-04-21","80"
"2021-04-22","77"
"2021-04-23","80"
"2021-04-24","86"
"2021-04-25","88"
"2021-04-26","93"
"2021-04-27","96"
"2021-04-28","102"
"2021-04-29","99"
"2021-04-30","100"
"2021-05-01","102"
"2021-05-02","102"
"2021-05-03","104"
"2021-05-04","106"
"2021-05-05","103"
"2021-05-06","98"
"2021-05-07","101"
"2021-05-08","91"
"2021-05-09","91"
"2021-05-10","96"
"2021-05-11","93"
"2021-05-12","93"
"2021-05-13","93"
"2021-05-14","95"
"2021-05-15","95"
"2021-05-16","96"
"2021-05-17","98"
"2021-05-18","104"
"2021-05-19","111"
"2021-05-20","115"
"2021-05-21","114"
"2021-05-22","118"
"2021-05-23","119"
"2021-05-24","122"
"2021-05-25","124"
"2021-05-26","129"
"2021-05-27","130"
"2021-05-28","130"
"2021-05-29","125"
"2021-05-30","126"
"2021-05-31","127"
"2021-06-01","142"
"2021-06-02","134"
"2021-06-03","132"
"2021-06-04","146"
"2021-06-05","147"
"2021-06-06","147"
"2021-06-07","150"
"2021-06-08","159"
"2021-06-09","149"
"2021-06-10","133"
"2021-06-11","126"
"2021-06-12","127"
"2021-06-13","128"
"2021-06-14","132"
"2021-06-15","136"
"2021-06-16","143"
"2021-06-17","138"
"2021-06-18","140"
"2021-06-19","141"
"2021-06-20","141"
"2021-06-21","144"
"2021-06-22","143"
"2021-06-23","139"
"2021-06-24","137"
"2021-06-25","135"
"2021-06-26","142"
"2021-06-27","144"
"2021-06-28","147"
"2021-06-29","152"
"2021-06-30","153"
"2021-07-01","149"
"2021-07-02","152"
"2021-07-03","149"
"2021-07-04","149"
"2021-07-05","154"
"2021-07-06","164"
"2021-07-07","158"
"2021-07-08","132"
"2021-07-09","128"
"2021-07-10","132"
"2021-07-11","133"
"2021-07-12","134"
"2021-07-13","128"
"2021-07-14","133"
"2021-07-15","127"
"2021-07-16","130"
"2021-07-17","132"
"2021-07-18","133"
"2021-07-19","136"
"2021-07-20","134"
"2021-07-21","137"
"2021-07-22","141"
"2021-07-23","135"
"2021-07-24","137"
"2021-07-25","150"
"2021-07-26","156"
"2021-07-27","157"
"2021-07-28","152"
"2021-07-29","151"
"2021-07-30","158"
"2021-07-31","152"
"2021-08-01","153"
"2021-08-02","153"
"2021-08-03","158"
"2021-08-04","150"
"2021-08-05","151"
"2021-08-06","159"
"2021-08-07","156"
"2021-08-08","156"
"2021-08-09","157"
"2021-08-10","157"
"2021-08-11","159"
"2021-08-12","161"
"2021-08-13","161"
"2021-08-14","157"
"2021-08-15","158"
"2021-08-16","161"
"2021-08-17","145"
"2021-08-18","143"
"2021-08-19","150"
"2021-08-20","147"
"2021-08-21","145"
"2021-08-22","146"
"2021-08-23","146"
"2021-08-24","148"
"2021-08-25","143"
"2021-08-26","134"
"2021-08-27","136"
"2021-08-28","132"
"2021-08-29","134"
"2021-08-30","140"
"2021-08-31","142"
"2021-09-01","136"
"2021-09-02","136"
"2021-09-03","139"
"2021-09-04","153"
"2021-09-05","154"
"2021-09-06","154"
"2021-09-07","145"
"2021-09-08","146"
"2021-09-09","150"
"2021-09-10","154"
"2021-09-11","150"
"2021-09-12","152"
"2021-09-13","156"
"2021-09-14","152"
"2021-09-15","164"
"2021-09-16","162"
"2021-09-17","159"
"2021-09-18","169"
"2021-09-19","171"
"2021-09-20","174"
"2021-09-21","168"
"2021-09-22","166"
"2021-09-23","164"
"2021-09-24","161"
"2021-09-25","161"
"2021-09-26","163"
"2021-09-27","159"
"2021-09-28","148"
"2021-09-29","155"
"2021-09-30","151"
"2021-10-01","143"
"2021-10-02","143"
"2021-10-03","140"
"2021-10-04","146"
"2021-10-05","153"
"2021-10-06","157"
"2021-10-07","146"
"2021-10-08","142"
"2021-10-09","139"
"2021-10-10","139"
"2021-10-11","144"
"2021-10-12","149"
"2021-10-13","149"
"2021-10-14","147"
"2021-10-15","147"
"2021-10-16","148"
"2021-10-17","149"
"2021-10-18","156"
"2021-10-19","152"
"2021-10-20","150"
"2021-10-21","150"
"2021-10-22","144"
"2021-10-23","143"
"2021-10-24","139"
"2021-10-25","143"
"2021-10-26","144"
"2021-10-27","143"
"2021-10-28","142"
"2021-10-29","123"
"2021-10-30","122"
"2021-10-31","124"
"2021-11-01","127"
"2021-11-02","124"
"2021-11-03","127"
"2021-11-04","128"
"2021-11-05","124"
"2021-11-06","122"
"2021-11-07","126"
"2021-11-08","132"
"2021-11-09","133"
"2021-11-10","125"
"2021-11-11","125"
"2021-11-12","128"
"2021-11-13","128"
"2021-11-14","130"
"2021-11-15","129"
"2021-11-16","134"
"2021-11-17","133"
"2021-11-18","126"
"2021-11-19","128"
"2021-11-20","132"
"2021-11-21","134"
"2021-11-22","133"
"2021-11-23","130"
"2021-11-24","132"
"2021-11-25","132"
"2021-11-26","132"
"2021-11-27","135"
"2021-11-28","135"
"2021-11-29","138"
"2021-11-30","133"
"2021-12-01","126"
"2021-12-02","127"
"2021-12-03","120"
"2021-12-04","108"
"2021-12-05","110"
"2021-12-06","113"
"2021-12-07","114"
"2021-12-08","112"
"2021-12-09","114"
"2021-12-10","110"
"2021-12-11","112"
"2021-12-12","111"
"2021-12-13","109"
"2021-12-14","112"
"2021-12-15","106"
"2021-12-16","108"
"2021-12-17","111"
"2021-12-18","113"
"2021-12-19","114"
"2021-12-20","118"
"2021-12-21","118"
"2021-12-22","122"
"2021-12-23","119"
"2021-12-24","119"
"2021-12-25","128"
"2021-12-26","128"
"2021-12-27","127"
"2021-12-28","122"
"2021-12-29","119"
"2021-12-30","116"
"2021-12-31","118"
"2022-01-01","122"
"2022-01-02","126"
"2022-01-03","140"
"2022-01-04","139"
"2022-01-05","141"
"2022-01-06","136"
"2022-01-07","139"
"2022-01-08","138"
"2022-01-09","139"
"2022-01-10","144"
"2022-01-11","142"
"2022-01-12","146"
"2022-01-13","151"
"2022-01-14","148"
"2022-01-15","155"
"2022-01-16","155"
"2022-01-17","149"
"2022-01-18","143"
"2022-01-19","147"
"2022-01-20","147"
"2022-01-21","136"
"2022-01-22","140"
"2022-01-23","142"
"2022-01-24","142"
"2022-01-25","143"
"2022-01-26","136"
"2022-01-27","136"
"2022-01-28","137"
"2022-01-29","138"
"2022-01-30","139"
"2022-01-31","139"
"2022-02-01","137"
"2022-02-02","127"
"2022-02-03","125"
"2022-02-04","122"
"2022-02-05","121"
"2022-02-06","121"
"2022-02-07","123"
"2022-02-08","116"
"2022-02-09","122"
"2022-02-10","101"
"2022-02-11","102"
"2022-02-12","97"
"2022-02-13","95"
"2022-02-14","95"
"2022-02-15","100"
"2022-02-16","99"
"2022-02-17","99"
"2022-02-18","98"
"2022-02-19","100"
"2022-02-20","101"
"2022-02-21","102"
"2022-02-22","102"
"2022-02-23","106"
"2022-02-24","125"
"2022-02-25","130"
"2022-02-26","121"
"2022-02-27","121"
"2022-02-28","124"
"2022-03-01","129"
"2022-03-02","125"
"2022-03-03","127"
"2022-03-04","129"
"2022-03-05","127"
"2022-03-06","127"
"2022-03-07","130"
"2022-03-08","133"
"2022-03-09","133"
"2022-03-10","131"
"2022-03-11","131"
"2022-03-12","129"
"2022-03-13","129"
"2022-03-14","130"
"2022-03-15","130"
"2022-03-16","125"
"2022-03-17","124"
"2022-03-18","123"
"2022-03-19","113"
"2022-03-20","114"
"2022-03-21","117"
"2022-03-22","119"
"2022-03-23","121"
"2022-03-24","120"
"2022-03-25","125"
"2022-03-26","122"
"2022-03-27","124"
"2022-03-28","130"
"2022-03-29","119"
"2022-03-30","121"
"2022-03-31","121"
"2022-04-01","112"
"2022-04-02","114"
"2022-04-03","117"
"2022-04-04","120"
"2022-04-05","121"
"2022-04-06","123"
"2022-04-07","123"
"2022-04-08","117"
"2022-04-09","112"
"2022-04-10","114"
"2022-04-11","122"
"2022-04-12","129"
"2022-04-13","130"
"2022-04-14","139"
"2022-04-15","133"
"2022-04-16","135"
"2022-04-17","135"
"2022-04-18","134"
"2022-04-19","134"
"2022-04-20","133"
"2022-04-21","131"
"2022-04-22","130"
"2022-04-23","122"
"2022-04-24","123"
"2022-04-25","129"
"2022-04-26","133"
"2022-04-27","133"
"2022-04-28","140"
"2022-04-29","136"
"2022-04-30","133"
"2022-05-01","134"
"2022-05-02","133"
"2022-05-03","146"
"2022-05-04","153"
"2022-05-05","152"
"2022-05-06","148"
"2022-05-07","135"
"2022-05-08","140"
"2022-05-09","143"
"2022-05-10","146"
"2022-05-11","145"
"2022-05-12","135"
"2022-05-13","131"
"2022-05-14","131"
"2022-05-15","133"
"2022-05-16","135"
"2022-05-17","135"
"2022-05-18","138"
"2022-05-19","136"
"2022-05-20","133"
"2022-05-21","135"
"2022-05-22","143"
"2022-05-23","151"
"2022-05-24","157"
"2022-05-25","146"
"2022-05-26","144"
"2022-05-27","146"
"2022-05-28","143"
"2022-05-29","144"
"2022-05-30","144"
"2022-05-31","144"
"2022-06-01","144"
"2022-06-02","131"
"2022-06-03","129"
"2022-06-04","138"
"2022-06-05","138"
"2022-06-06","138"
"2022-06-07","140"
"2022-06-08","132"
"2022-06-09","141"
"2022-06-10","143"
"2022-06-11","147"
"2022-06-12","155"
"2022-06-13","156"
"2022-06-14","159"
"2022-06-15","153"
"2022-06-16","146"
"2022-06-17","145"
"2022-06-18","151"
"2022-06-19","151"
"2022-06-20","154"
"2022-06-21","144"
"2022-06-22","151"
"2022-06-23","164"
"2022-06-24","155"
"2022-06-25","144"
"2022-06-26","144"
"2022-06-27","147"
"2022-06-28","144"
"2022-06-29","132"
"2022-06-30","127"
"2022-07-01","132"
"2022-07-02","137"
"2022-07-03","152"
"2022-07-04","152"
"2022-07-05","145"
"2022-07-06","168"
"2022-07-07","171"
"2022-07-08","172"
"2022-07-09","173"
"2022-07-10","173"
"2022-07-11","179"
"2022-07-12","186"
"2022-07-13","187"
"2022-07-14","184"
"2022-07-15","186"
"2022-07-16","179"
"2022-07-17","180"
"2022-07-18","183"
"2022-07-19","179"
"2022-07-20","178"
"2022-07-21","184"
"2022-07-22","194"
"2022-07-23","170"
"2022-07-24","168"
"2022-07-25","172"
"2022-07-26","175"
"2022-07-27","174"
"2022-07-28","168"
"2022-07-29","164"
"2022-07-30","163"
"2022-07-31","165"
"2022-08-01","166"
"2022-08-02","155"
"2022-08-03","159"
"2022-08-04","167"
"2022-08-05","167"
"2022-08-06","175"
"2022-08-07","175"
"2022-08-08","188"
"2022-08-09","184"
"2022-08-10","184"
"2022-08-11","197"
"2022-08-12","184"
"2022-08-13","185"
"2022-08-14","185"
"2022-08-15","186"
"2022-08-16","190"
"2022-08-17","185"
"2022-08-18","192"
"2022-08-19","190"
"2022-08-20","190"
"2022-08-21","194"
"2022-08-22","197"
"2022-08-23","203"
"2022-08-24","199"
"2022-08-25","197"
"2022-08-26","200"
"2022-08-27","196"
"2022-08-28","199"
"2022-08-29","199"
"2022-08-30","199"
"2022-08-31","193"
"2022-09-01","195"
"2022-09-02","190"
"2022-09-03","190"
"2022-09-04","190"
"2022-09-05","190"
"2022-09-06","180"
"2022-09-07","183"
"2022-09-08","179"
"2022-09-09","182"
"2022-09-10","176"
"2022-09-11","177"
"2022-09-12","181"
"2022-09-13","194"
"2022-09-14","191"
"2022-09-15","189"
"2022-09-16","189"
"2022-09-17","189"
"2022-09-18","190"
"2022-09-19","191"
"2022-09-20","193"
"2022-09-21","191"
"2022-09-22","185"
"2022-09-23","193"
"2022-09-24","190"
"2022-09-25","190"
"2022-09-26","195"
"2022-09-27","196"
"2022-09-28","197"
"2022-09-29","202"
"2022-09-30","205"
"2022-10-01","212"
"2022-10-02","212"
"2022-10-03","211"
"2022-10-04","204"
"2022-10-05","200"
"2022-10-06","198"
"2022-10-07","196"
"2022-10-08","190"
"2022-10-09","190"
"2022-10-10","195"
"2022-10-11","191"
"2022-10-12","192"
"2022-10-13","195"
"2022-10-14","206"
"2022-10-15","202"
"2022-10-16","202"
"2022-10-17","208"
"2022-10-18","200"
"2022-10-19","197"
"2022-10-20","185"
"2022-10-21","191"
"2022-10-22","193"
"2022-10-23","192"
"2022-10-24","194"
"2022-10-25","198"
"2022-10-26","202"
"2022-10-27","195"
"2022-10-28","188"
"2022-10-29","183"
"2022-10-30","183"
"2022-10-31","176"
"2022-11-01","174"
"2022-11-02","179"
"2022-11-03","179"
"2022-11-04","168"
"2022-11-05","166"
"2022-11-06","166"
"2022-11-07","166"
"2022-11-08","163"
"2022-11-09","165"
"2022-11-10","169"
"2022-11-11","168"
"2022-11-12","172"
"2022-11-13","172"
"2022-11-14","175"
"2022-11-15","187"
"2022-11-16","185"
"2022-11-17","187"
"2022-11-18","190"
"2022-11-19","187"
"2022-11-20","188"
"2022-11-21","191"
"2022-11-22","187"
"2022-11-23","186"
"2022-11-24","186"
"2022-11-25","187"
"2022-11-26","187"
"2022-11-27","187"
"2022-11-28","192"
"2022-11-29","195"
"2022-11-30","193"
"2022-12-01","196"
"2022-12-02","187"
"2022-12-03","185"
"2022-12-04","184"
"2022-12-05","186"
"2022-12-06","191"
"2022-12-07","192"
"2022-12-08","189"
"2022-12-09","183"
"2022-12-10","177"
"2022-12-11","177"
"2022-12-12","188"
"2022-12-13","176"
"2022-12-14","180"
"2022-12-15","181"
"2022-12-16","181"
"2022-12-17","176"
"2022-12-18","176"
"2022-12-19","178"
"2022-12-20","174"
"2022-12-21","179"
"2022-12-22","159"
"2022-12-23","150"
"2022-12-24","144"
"2022-12-25","143"
"2022-12-26","144"
"2022-12-27","149"
"2022-12-28","159"
"2022-12-29","154"
"2022-12-30","151"
"2022-12-31","150"
"2023-01-01","154"
"2023-01-02","155"
"2023-01-03","153"
"2023-01-04","149"
"2023-01-05","147"
"2023-01-06","152"
"2023-01-07","148"
"2023-01-08","150"
"2023-01-09","158"
"2023-01-10","166"
"2023-01-11","170"
"2023-01-12","173"
"2023-01-13","175"
"2023-01-14","171"
"2023-01-15","171"
"2023-01-16","171"
"2023-01-17","169"
"2023-01-18","154"
"2023-01-19","151"
"2023-01-20","152"
"2023-01-21","149"
"2023-01-22","147"
"2023-01-23","148"
"2023-01-24","147"
"2023-01-25","150"
"2023-01-26","142"
"2023-01-27","143"
"2023-01-28","143"
"2023-01-29","145"
"2023-01-30","147"
"2023-01-31","145"
"2023-02-01","140"
"2023-02-02","140"
"2023-02-03","148"
"2023-02-04","136"
"2023-02-05","136"
"2023-02-06","140"
"2023-02-07","136"
"2023-02-08","139"
"2023-02-09","134"
"2023-02-10","140"
"2023-02-11","138"
"2023-02-12","134"
"2023-02-13","133"
"2023-02-14","133"
"2023-02-15","132"
"2023-02-16","133"
"2023-02-17","136"
"2023-02-18","136"
"2023-02-19","138"
"2023-02-20","140"
"2023-02-21","141"
"2023-02-22","141"
"2023-02-23","145"
"2023-02-24","146"
"2023-02-25","142"
"2023-02-26","142"
"2023-02-27","142"
"2023-02-28","144"
"2023-03-01","144"
"2023-03-02","136"
"2023-03-03","136"
"2023-03-04","134"
"2023-03-05","134"
"2023-03-06","144"
"2023-03-07","138"
"2023-03-08","138"
"2023-03-09","140"
"2023-03-10","137"
"2023-03-11","134"
"2023-03-12","134"
"2023-03-13","136"
"2023-03-14","139"
"2023-03-15","143"
"2023-03-16","144"
"2023-03-17","142"
"2023-03-18","139"
"2023-03-19","140"
"2023-03-20","142"
"2023-03-21","142"
"2023-03-22","131"
"2023-03-23","133"
"2023-03-24","125"
"2023-03-25","135"
"2023-03-26","138"
"2023-03-27","142"
"2023-03-28","140"
"2023-03-29","140"
"2023-03-30","152"
"2023-03-31","154"
"2023-04-01","160"
"2023-04-02","165"
"2023-04-03","170"
"2023-04-04","162"
"2023-04-05","154"
"2023-04-06","155"
"2023-04-07","149"
"2023-04-08","154"
"2023-04-09","154"
"2023-04-10","156"
"2023-04-11","160"
"2023-04-12","148"
"2023-04-13","152"
"2023-04-14","147"
"2023-04-15","143"
"2023-04-16","145"
"2023-04-17","148"
"2023-04-18","143"
"2023-04-19","135"
"2023-04-20","136"
"2023-04-21","139"
"2023-04-22","144"
"2023-04-23","144"
"2023-04-24","149"
"2023-04-25","152"
"2023-04-26","150"
"2023-04-27","159"
"2023-04-28","158"
"2023-04-29","157"
"2023-04-30","157"
"2023-05-01","161"
"2023-05-02","160"
"2023-05-03","157"
"2023-05-04","156"
"2023-05-05","159"
"2023-05-06","158"
"2023-05-07","159"
"2023-05-08","162"
"2023-05-09","159"
"2023-05-10","164"
"2023-05-11","158"
"2023-05-12","173"
"2023-05-13","175"
"2023-05-14","168"
"2023-05-15","170"
"2023-05-16","161"
"2023-05-17","155"
"2023-05-18","152"
"2023-05-19","153"
"2023-05-20","156"
"2023-05-21","155"
"2023-05-22","158"
"2023-05-23","151"
"2023-05-24","150"
"2023-05-25","161"
"2023-05-26","170"
"2023-05-27","172"
"2023-05-28","172"
"2023-05-29","172"
"2023-05-30","172"
"2023-05-31","176"
"2023-06-01","174"
"2023-06-02","182"
"2023-06-03","186"
"2023-06-04","185"
"2023-06-05","191"
"2023-06-06","185"
"2023-06-07","188"
"2023-06-08","190"
"2023-06-09","197"
"2023-06-10","197"
"2023-06-11","197"
"2023-06-12","199"
"2023-06-13","206"
"2023-06-14","206"
"2023-06-15","200"
"2023-06-16","209"
"2023-06-17","208"
"2023-06-18","208"
"2023-06-19","211"
"2023-06-20","219"
"2023-06-21","222"
"2023-06-22","222"
"2023-06-23","216"
"2023-06-24","206"
"2023-06-25","201"
"2023-06-26","205"
"2023-06-27","210"
"2023-06-28","208"
"2023-06-29","229"
"2023-06-30","220"
"2023-07-01","218"
"2023-07-02","221"
"2023-07-03","224"
"2023-07-04","226"
"2023-07-05","232"
"2023-07-06","234"
"2023-07-07","229"
"2023-07-08","230"
"2023-07-09","233"
"2023-07-10","238"
"2023-07-11","230"
"2023-07-12","239"
"2023-07-13","240"
"2023-07-14","242"
"2023-07-15","234"
"2023-07-16","237"
"2023-07-17","249"
"2023-07-18","235"
"2023-07-19","236"
"2023-07-20","229"
"2023-07-21","223"
"2023-07-22","220"
"2023-07-23","222"
"2023-07-24","226"
"2023-07-25","223"
"2023-07-26","225"
"2023-07-27","236"
"2023-07-28","231"
"2023-07-29","234"
"2023-07-30","233"
"2023-07-31","234"
"2023-08-01","233"
"2023-08-02","230"
"2023-08-03","229"
"2023-08-04","226"
"2023-08-05","222"
"2023-08-06","225"
"2023-08-07","225"
"2023-08-08","225"
"2023-08-09","223"
"2023-08-10","219"
"2023-08-11","221"
"2023-08-12","216"
"2023-08-13","218"
"2023-08-14","220"
"2023-08-15","213"
"2023-08-16","222"
"2023-08-17","226"
"2023-08-18","221"
"2023-08-19","215"
"2023-08-20","215"
"2023-08-21","219"
"2023-08-22","215"
"2023-08-23","207"
"2023-08-24","209"
"2023-08-25","211"
"2023-08-26","209"
"2023-08-27","212"
"2023-08-28","214"
"2023-08-29","221"
"2023-08-30","219"
"2023-08-31","215"
"2023-09-01","222"
"2023-09-02","226"
"2023-09-03","227"
"2023-09-04","227"
"2023-09-05","238"
"2023-09-06","239"
"2023-09-07","234"
"2023-09-08","236"
"2023-09-09","230"
"2023-09-10","239"
"2023-09-11","240"
"2023-09-12","239"
"2023-09-13","245"
"2023-09-14","248"
"2023-09-15","243"
"2023-09-16","239"
"2023-09-17","240"
"2023-09-18","239"
"2023-09-19","226"
"2023-09-20","229"
"2023-09-21","225"
"2023-09-22","235"
"2023-09-23","233"
"2023-09-24","233"
"2023-09-25","243"
"2023-09-26","232"
"2023-09-27","238"
"2023-09-28","242"
"2023-09-29","235"
"2023-09-30","238"
"2023-10-01","239"
"2023-10-02","238"
"2023-10-03","235"
"2023-10-04","236"
"2023-10-05","238"
"2023-10-06","234"
"2023-10-07","228"
"2023-10-08","236"
"2023-10-09","237"
"2023-10-10","252"
"2023-10-11","254"
"2023-10-12","262"
"2023-10-13","259"
"2023-10-14","262"
"2023-10-15","262"
"2023-10-16","265"
"2023-10-17","277"
"2023-10-18","284"
"2023-10-19","279"
"2023-10-20","275"
"2023-10-21","269"
"2023-10-22","273"
"2023-10-23","281"
"2023-10-24","274"
"2023-10-25","273"
"2023-10-26","271"
"2023-10-27","258"
"2023-10-28","250"
"2023-10-29","251"
"2023-10-30","261"
"2023-10-31","254"
"2023-11-01","259"
"2023-11-02","256"
"2023-11-03","254"
"2023-11-04","247"
"2023-11-05","251"
"2023-11-06","257"
"2023-11-07","250"
"2023-11-08","251"
"2023-11-09","247"
"2023-11-10","247"
"2023-11-11","238"
"2023-11-12","240"
"2023-11-13","257"
"2023-11-14","254"
"2023-11-15","251"
"2023-11-16","247"
"2023-11-17","249"
"2023-11-18","237"
"2023-11-19","240"
"2023-11-20","240"
"2023-11-21","264"
"2023-11-22","245"
"2023-11-23","245"
"2023-11-24","245"
"2023-11-25","253"
"2023-11-26","253"
"2023-11-27","256"
"2023-11-28","249"
"2023-11-29","250"
"2023-11-30","253"
"2023-12-01","253"
"2023-12-02","249"
"2023-12-03","249"
"2023-12-04","257"
"2023-12-05","260"
"2023-12-06","264"
"2023-12-07","273"
"2023-12-08","273"
"2023-12-09","258"
"2023-12-10","257"
"2023-12-11","274"
"2023-12-12","268"
"2023-12-13","257"
"2023-12-14","252"
"2023-12-15","255"
"2023-12-16","239"
"2023-12-17","239"
"2023-12-18","240"
"2023-12-19","243"
"2023-12-20","236"
"2023-12-21","235"
"2023-12-22","235"
"2023-12-23","231"
"2023-12-24","225"
"2023-12-25","225"
"2023-12-26","226"
"2023-12-27","219"
"2023-12-28","209"
"2023-12-29","209"
"2023-12-30","213"
"2023-12-31","215"
"2024-01-01","215"
"2024-01-02","210"
"2024-01-03","210"
"2024-01-04","210"
"2024-01-05","214"
"2024-01-06","210"
"2024-01-07","211"
"2024-01-08","211"
"2024-01-09","204"
"2024-01-10","200"
"2024-01-11","202"
"2024-01-12","205"
"2024-01-13","199"
"2024-01-14","203"
"2024-01-15","203"
"2024-01-16","194"
"2024-01-17","192"
"2024-01-18","191"
"2024-01-19","194"
"2024-01-20","200"
"2024-01-21","202"
"2024-01-22","208"
"2024-01-23","189"
"2024-01-24","193"
"2024-01-25","193"
"2024-01-26","191"
"2024-01-27","194"
"2024-01-28","201"
"2024-01-29","204"
"2024-01-30","193"
"2024-01-31","197"
"2024-02-01","189"
"2024-02-02","191"
"2024-02-03","189"
"2024-02-04","181"
"2024-02-05","187"
"2024-02-06","189"
"2024-02-07","186"
"2024-02-08","191"
"2024-02-09","195"
"2024-02-10","195"
"2024-02-11","196"
"2024-02-12","196"
"2024-02-13","197"
"2024-02-14","200"
"2024-02-15","198"
"2024-02-16","204"
"2024-02-17","203"
"2024-02-18","206"
"2024-02-19","206"
"2024-02-20","221"
"2024-02-21","221"
"2024-02-22","200"
"2024-02-23","200"
"2024-02-24","182"
"2024-02-25","182"
"2024-02-26","183"
"2024-02-27","172"
"2024-02-28","171"
"2024-02-29","167"
"2024-03-01","162"
"2024-03-02","157"
"2024-03-03","158"
"2024-03-04","159"
"2024-03-05","160"
"2024-03-06","162"
"2024-03-07","160"
"2024-03-08","162"
"2024-03-09","157"
"2024-03-10","157"
"2024-03-11","160"
"2024-03-12","167"
"2024-03-13","185"
"2024-03-14","194"
"2024-03-15","198"
"2024-03-16","208"
"2024-03-17","211"
"2024-03-18","217"
"2024-03-19","207"
"2024-03-20","203"
"2024-03-21","207"
"2024-03-22","210"
"2024-03-23","198"
"2024-03-24","203"
"2024-03-25","208"
"2024-03-26","203"
"2024-03-27","197"
"2024-03-28","205"
"2024-03-29","206"
"2024-03-30","195"
"2024-03-31","195"
"2024-04-01","198"
"2024-04-02","200"
"2024-04-03","205"
"2024-04-04","205"
"2024-04-05","205"
"2024-04-06","205"
